n,rho0,seed,rho,mineigvalQ,solution_time_P1,solution_time_P2,solution_time_D1A,solution_time_D1B,solution_time_D2A,solution_time_D2B,optimal_val_P1,optimal_val_P2,optimal_val_D1A,optimal_val_D1B,optimal_val_D2A,optimal_val_D2B,objective_bound_P1,objective_bound_P2,objective_bound_D1A,objective_bound_D1B,objective_bound_D2A,objective_bound_D2B,relative_gap_P1,relative_gap_P2,relative_gap_D1A,relative_gap_D1B,relative_gap_D2A,relative_gap_D2B,termination_status_P1,termination_status_P2,termination_status_D1A,termination_status_D1B,termination_status_D2A,termination_status_D2B
50,12,0,3,1.39070258131819E-16,0.236714124679565,0.215410947799683,611.452740375,131.831807066,396.382431058,189.097764821,0.220328776756456,0.220328776756456,31.087513978701,0.220329007168892,0.220328793533537,0.220328967252907,0.220328776756456,0.220328776756456,31.087513978701,0.220329007168892,0.220328793533537,0.220328967252907,0,0,0,0,0,0,OPTIMAL,OPTIMAL,TIME_LIMIT,OPTIMAL,OPTIMAL,OPTIMAL
50,12,0,6,1.39070258131819E-16,0.0968019962310791,0.0920391082763672,610.271218906,170.108354442,489.535210134,223.72148746,0.0220634298607818,0.0220634298607818,42.1081473029903,0.0220634306340716,0.0220634341479592,0.0220634298826406,0.0220634298607818,0.0220634298607818,42.1081473029903,0.0220634306340716,0.0220634341479592,0.0220634298826406,0,0,0,0,0,0,OPTIMAL,OPTIMAL,TIME_LIMIT,OPTIMAL,OPTIMAL,OPTIMAL
50,12,0,9,1.39070258131819E-16,0.0245838165283203,0.0575919151306152,609.976915294,176.345487502,525.786441453,253.409742269,0.00115195534144135,0.00115195534144135,32.6220013912801,0.00115198112688245,0.00115196307425137,0.00115195540764744,0.00115195534144135,0.00115195534144135,32.6220013912801,0.00115198112688245,0.00115196307425137,0.00115195540764744,0,0,0,0,0,0,OPTIMAL,OPTIMAL,TIME_LIMIT,OPTIMAL,OPTIMAL,OPTIMAL
50,25,0,6,9.01318268145137E-16,24.7763130664825,22.0792620182037,611.85671579,207.48858684,525.517731012999,209.085707254,0.0944622618155027,0.0944622618155027,39.4740057468809,0.0944622670511528,0.0944622918609661,0.0944623415817976,0.0944622618155027,0.0944622618155027,39.4740057468809,0.0944622670511528,0.0944622918609661,0.0944623415817976,0,0,0,0,0,0,OPTIMAL,OPTIMAL,TIME_LIMIT,OPTIMAL,OPTIMAL,OPTIMAL
50,25,0,12,9.01318268145137E-16,5.53063201904297,4.72764801979065,611.971261639999,220.452939276,608.363825492001,344.296639486,0.0197018827597645,0.0197018827597645,23.6864731695224,0.0197024219041515,0.0197334381141121,0.0197023512944325,0.0197018827597645,0.0197018827597645,23.6864731695224,0.0197024219041515,0.0197334381141121,0.0197023512944325,0,0,0,0,0,0,OPTIMAL,OPTIMAL,TIME_LIMIT,OPTIMAL,TIME_LIMIT,OPTIMAL
50,25,0,19,9.01318268145137E-16,0.0850110054016113,0.115402936935425,611.903861568999,144.528454954001,524.016572798,234.050484083,0.000512572872976265,0.000512572872976265,9.9658799400391,0.000512610626025068,0.000512637909271938,0.000512578082183997,0.000512572872976265,0.000512572872976265,9.9658799400391,0.000512610626025068,0.000512637909271938,0.000512578082183997,0,0,0,0,0,0,OPTIMAL,OPTIMAL,TIME_LIMIT,OPTIMAL,OPTIMAL,OPTIMAL
50,38,0,10,-6.68441724530981E-16,600.022572040558,600.00660610199,609.048827555,217.406419131999,545.409739173001,286.851900701,0.0403574390701533,0.0403574390701533,30.462086869782,0.0396972863397647,0.0396966842650322,0.0396968313001789,0.036772006961592,0.0374444784805518,30.462086869782,0.0396972863397647,0.0396966842650322,0.0396968313001789,8.88419134407618,7.21790246536189,0,0,0,0,TIME_LIMIT,TIME_LIMIT,TIME_LIMIT,OPTIMAL,OPTIMAL,OPTIMAL
50,38,0,19,-6.68441724530981E-16,68.938040971756,69.798572063446,612.483038805,195.764156523001,606.141083334,285.761869457001,0.00744914568651432,0.00744914568651432,9.3391106278897,0.00744914787932927,0.00748208114540068,0.00744935034654588,0.00744914568651432,0.00744914568651432,9.3391106278897,0.00744914787932927,0.00748208114540068,0.00744935034654588,0,0,0,0,0,0,OPTIMAL,OPTIMAL,TIME_LIMIT,OPTIMAL,TIME_LIMIT,OPTIMAL
50,38,0,28,-6.68441724530981E-16,0.289716005325317,0.202554941177368,610.487351657999,157.671592070999,544.970193476998,208.221218508002,0.000640373133603576,0.000640373133603572,10.2204623158569,0.000640375576389763,0.000640379082685385,0.000640672052364711,0.000640373133603576,0.000640373133603572,10.2204623158569,0.000640375576389763,0.000640379082685385,0.000640672052364711,0,0,0,0,0,0,OPTIMAL,OPTIMAL,TIME_LIMIT,OPTIMAL,OPTIMAL,OPTIMAL
50,12,1,3,1.10408852616755E-16,0.222815990447998,0.151062965393066,612.076843596999,150.416529217,441.292154522998,282.342746090002,0.204185225713564,0.204185225713564,30.8356386825624,0.204185931491104,0.20418522592072,0.204185226289179,0.204185225713564,0.204185225713564,30.8356386825624,0.204185931491104,0.20418522592072,0.204185226289179,0,0,0,0,0,0,OPTIMAL,OPTIMAL,TIME_LIMIT,OPTIMAL,OPTIMAL,OPTIMAL
50,12,1,6,1.10408852616755E-16,0.0942339897155761,0.0941669940948486,610.247794821,140.041592382,480.957940216002,227.435156257001,0.0221813351207812,0.0221813351207812,41.4654226552994,0.0221816088895602,0.0221818185225235,0.0221816588314468,0.0221813351207812,0.0221813351207812,41.4654226552994,0.0221816088895602,0.0221818185225235,0.0221816588314468,0,0,0,0,0,0,OPTIMAL,OPTIMAL,TIME_LIMIT,OPTIMAL,OPTIMAL,OPTIMAL
50,12,1,9,1.10408852616755E-16,0.0296411514282226,0.0693368911743164,610.935524851,196.274786382997,596.033040429,235.457296929002,0.0005958965953231,0.0005958965953231,32.2502802112332,0.000595896765287,0.000596008433491,0.000595905212015,0.0005958965953231,0.0005958965953231,32.2502802112332,0.000595896765287,0.000596008433491,0.000595905212015,0,0,0,0,0,0,OPTIMAL,OPTIMAL,TIME_LIMIT,OPTIMAL,OPTIMAL,OPTIMAL
50,25,1,6,-1.26845293510007E-16,10.03817486763,17.6593019962311,610.094439223001,216.312225014,582.657477950001,314.218125759002,0.08109382649355,0.08109382649355,38.2994951036636,0.0810938752658359,0.0810948600680357,0.0810944901167946,0.08109382649355,0.08109382649355,38.2994951036636,0.0810938752658359,0.0810948600680357,0.0810944901167946,0,0,0,0,0,0,OPTIMAL,OPTIMAL,TIME_LIMIT,OPTIMAL,OPTIMAL,OPTIMAL
50,25,1,12,-1.26845293510007E-16,0.276352882385254,0.224992990493774,609.186101990999,169.461906881999,471.483142837002,209.057598472002,0.0100195769998301,0.0100195769998301,23.4681358597356,0.0100195856998929,0.0100196258068657,0.0100195843098136,0.0100195769998301,0.0100195769998301,23.4681358597356,0.0100195856998929,0.0100196258068657,0.0100195843098136,0,0,0,0,0,0,OPTIMAL,OPTIMAL,TIME_LIMIT,OPTIMAL,OPTIMAL,OPTIMAL
50,25,1,19,-1.26845293510007E-16,0.0682320594787597,0.0966720581054687,611.044689542003,144.088917739999,579.807026734001,303.727323429997,0.0002917046306299,0.0002917046306299,9.60794062647737,0.0002923575764886,0.0002917539845507,0.0002917109994916,0.0002917046306299,0.0002917046306299,9.60794062647737,0.0002923575764886,0.0002917539845507,0.0002917109994916,0,0,0,0,0,0,OPTIMAL,OPTIMAL,TIME_LIMIT,OPTIMAL,OPTIMAL,OPTIMAL
50,38,1,10,-7.96615220076695E-17,377.513554096222,385.62605214119,611.559229071001,217.321960326,475.842878839001,315.865785195001,0.037475355220797,0.037475355220797,29.5714514759616,0.0353730114436147,0.0353722716439609,0.0353726203266661,0.0374739677209825,0.037475355220797,29.5714514759616,0.0353730114436147,0.0353722716439609,0.0353726203266661,0.0037024327223024,0,0,0,0,0,OPTIMAL,OPTIMAL,TIME_LIMIT,OPTIMAL,OPTIMAL,OPTIMAL
50,38,1,19,-7.96615220076695E-17,2.52239394187927,3.45873403549194,610.317904394,176.208445210999,598.803225872998,266.345263772,0.0054648710188039,0.0054648710188039,8.3792663241825,0.0054649477266617,0.0054648791800909,0.0054649801181011,0.0054648710188039,0.0054648710188039,8.3792663241825,0.0054649477266617,0.0054648791800909,0.0054649801181011,0,0,0,0,0,0,OPTIMAL,OPTIMAL,TIME_LIMIT,OPTIMAL,OPTIMAL,OPTIMAL
50,38,1,28,-7.96615220076695E-17,0.485429048538208,0.387184858322143,612.523089941002,163.732474768,523.749905777,265.323815855001,0.0003757472779849,0.0003757472779849,9.9720878123668,0.0003757497521369,0.0003766750106557,0.0003757556640272,0.0003757472779849,0.0003757472779849,9.9720878123668,0.0003757497521369,0.0003766750106557,0.0003757556640272,0,0,0,0,0,0,OPTIMAL,OPTIMAL,TIME_LIMIT,OPTIMAL,OPTIMAL,OPTIMAL
50,12,2,3,8.25974195250316E-17,0.36160397529602,0.279508113861084,610.772533403,163.874729731,440.328654362995,199.849365121001,0.209814407921173,0.209814407921173,30.1531126658708,0.209814542781629,0.209814410820842,0.209814409473196,0.209814407921173,0.209814407921173,30.1531126658708,0.209814542781629,0.209814410820842,0.209814409473196,0,0,0,0,0,0,OPTIMAL,OPTIMAL,TIME_LIMIT,OPTIMAL,OPTIMAL,OPTIMAL
50,12,2,6,8.25974195250316E-17,0.184873104095459,0.185322999954224,609.702698121997,181.881613800004,437.005928337996,237.482344845004,0.0524701761957748,0.0524701761957748,40.9342450731415,0.0524701768227449,0.0524702156782446,0.0524702523741958,0.0524701761957748,0.0524701761957748,40.9342450731415,0.0524701768227449,0.0524702156782446,0.0524702523741958,0,0,0,0,0,0,OPTIMAL,OPTIMAL,TIME_LIMIT,OPTIMAL,OPTIMAL,OPTIMAL
50,12,2,9,8.25974195250316E-17,0.0763280391693115,0.0644478797912597,610.978536167997,164.413676158998,511.336354745996,149.588979873995,0.0089197219816297,0.0089197219816297,31.6583813282547,0.0089197221592488,0.0089197221513118,0.0089198992920904,0.0089197219816297,0.0089197219816297,31.6583813282547,0.0089197221592488,0.0089197221513118,0.0089198992920904,0,0,0,0,0,0,OPTIMAL,OPTIMAL,TIME_LIMIT,OPTIMAL,OPTIMAL,OPTIMAL
50,25,2,6,6.80506593923157E-16,20.8276739120483,19.5342009067535,610.369909699002,247.707183892002,615.798674483995,354.523389094,0.0946198225196043,0.0946198225196043,39.2716255153992,0.0922524180811302,0.0922477358663105,0.0922436296371221,0.0946198225196043,0.0946198225196043,39.2716255153992,0.0922524180811302,0.0922477358663105,0.0922436296371221,0,0,0,0,0,0,OPTIMAL,OPTIMAL,TIME_LIMIT,OPTIMAL,TIME_LIMIT,OPTIMAL
50,25,2,12,6.80506593923157E-16,10.751580953598,9.04933786392212,611.056684648997,240.463524047998,609.545617197997,326.405530585005,0.0194510056801958,0.0194510056801958,23.984438901965,0.0194492382517009,0.0195667511868589,0.0194484366678408,0.0194510056801958,0.0194510056801958,23.984438901965,0.0194492382517009,0.0195667511868589,0.0194484366678408,0,0,0,0,0,0,OPTIMAL,OPTIMAL,TIME_LIMIT,OPTIMAL,TIME_LIMIT,OPTIMAL
50,25,2,19,6.80506593923157E-16,0.172117948532105,0.184993028640747,609.514071766003,176.753142326001,544.672690662999,263.831198341999,0.0017385856141422,0.0017385856141422,10.4957886218348,0.0017386094441868,0.0017386223379767,0.0017385874653818,0.0017385856141422,0.0017385856141422,10.4957886218348,0.0017386094441868,0.0017386223379767,0.0017385874653818,0,0,0,0,0,0,OPTIMAL,OPTIMAL,TIME_LIMIT,OPTIMAL,OPTIMAL,OPTIMAL
50,38,2,10,-4.61842345829077E-16,470.378304958344,585.770483016968,611.986759496998,235.018994154001,618.384801235996,307.536487127996,0.0361240397131998,0.0361240397131998,30.1945556572369,0.0350991990453997,0.0350937538468141,0.0350949304730406,0.0361240397131998,0.0361240397131998,30.1945556572369,0.0350991990453997,0.0350937538468141,0.0350949304730406,0,0,0,0,0,0,OPTIMAL,OPTIMAL,TIME_LIMIT,OPTIMAL,TIME_LIMIT,OPTIMAL
50,38,2,19,-4.61842345829077E-16,240.297941923141,249.08635187149,611.248285561996,229.772744041998,608.301798189997,317.150547158999,0.0080747603263722,0.0080747603263722,9.02990001798836,0.0075037220990201,0.0075122897850037,0.0075031404700942,0.0080747603263722,0.0080747603263722,9.02990001798836,0.0075037220990201,0.0075122897850037,0.0075031404700942,0,0,0,0,0,0,OPTIMAL,OPTIMAL,TIME_LIMIT,OPTIMAL,TIME_LIMIT,OPTIMAL
50,38,2,28,-4.61842345829077E-16,2.82673096656799,0.965929985046387,612.627046706002,177.191397214003,619.110534203996,273.994455227999,0.0012315363361249,0.0012315363361249,10.1186693401255,0.001231541032879,0.0012315404573966,0.001231537518243,0.0012315363361249,0.0012315363361249,10.1186693401255,0.001231541032879,0.0012315404573966,0.001231537518243,0,0,0,0,0,0,OPTIMAL,OPTIMAL,TIME_LIMIT,OPTIMAL,TIME_LIMIT,OPTIMAL
50,12,3,3,2.94074005562251E-16,0.333791971206665,0.254940986633301,609.078274495005,139.185899147,443.759711147002,216.421026033997,0.224501430546395,0.224501430546395,31.2314556855703,0.224501715530392,0.2245018996098,0.224501454588333,0.224501430546395,0.224501430546395,31.2314556855703,0.224501715530392,0.2245018996098,0.224501454588333,0,0,0,0,0,0,OPTIMAL,OPTIMAL,TIME_LIMIT,OPTIMAL,OPTIMAL,OPTIMAL
50,12,3,6,2.94074005562251E-16,0.114639043807983,0.12451696395874,611.114530503997,152.256956821002,500.524781527005,262.673851625004,0.0360707720006311,0.0360707720006311,42.3026646005438,0.0360707731234528,0.0360708703656927,0.0360707720555746,0.0360707720006311,0.0360707720006311,42.3026646005438,0.0360707731234528,0.0360708703656927,0.0360707720555746,0,0,0,0,0,0,OPTIMAL,OPTIMAL,TIME_LIMIT,OPTIMAL,OPTIMAL,OPTIMAL
50,12,3,9,2.94074005562251E-16,0.0489640235900878,0.0732998847961425,611.264635592001,176.887525476006,500.704944726,179.934299919005,0.0051717285991128,0.0051717285991128,32.7210788361733,0.0051717699721055,0.0051721098615234,0.0051720363933547,0.0051717285991128,0.0051717285991128,32.7210788361733,0.0051717699721055,0.0051721098615234,0.0051720363933547,0,0,0,0,0,0,OPTIMAL,OPTIMAL,TIME_LIMIT,OPTIMAL,OPTIMAL,OPTIMAL
50,25,3,6,-1.29887654921526E-15,9.2074499130249,8.02639198303223,609.841539323999,169.344583104998,541.993707222006,234.447285975999,0.0903438626726243,0.0903438626726243,40.2753412070381,0.0903438664133297,0.09034396837975,0.0903439743641386,0.0903438626726243,0.0903438626726243,40.2753412070381,0.0903438664133297,0.09034396837975,0.0903439743641386,0,0,0,0,0,0,OPTIMAL,OPTIMAL,TIME_LIMIT,OPTIMAL,OPTIMAL,OPTIMAL
50,25,3,12,-1.29887654921526E-15,1.17498517036438,1.31435585021973,610.664455441001,188.367545416004,508.032229391996,247.340554208,0.0168584592633379,0.0168584592633379,24.9952000837376,0.0168585674748925,0.0168584662428525,0.0168585063247325,0.0168584592633379,0.0168584592633379,24.9952000837376,0.0168585674748925,0.0168584662428525,0.0168585063247325,0,0,0,0,0,0,OPTIMAL,OPTIMAL,TIME_LIMIT,OPTIMAL,OPTIMAL,OPTIMAL
50,25,3,19,-1.29887654921526E-15,0.113266944885254,0.127969980239868,610.735897913997,164.541512689,507.151942381002,235.336939039,0.0009901421316915,0.0009901421316915,11.4667025290739,0.0009901462652256,0.0009901722107955,0.0009901436398734,0.0009901421316915,0.0009901421316915,11.4667025290739,0.0009901462652256,0.0009901722107955,0.0009901436398734,0,0,0,0,0,0,OPTIMAL,OPTIMAL,TIME_LIMIT,OPTIMAL,OPTIMAL,OPTIMAL
50,38,3,10,-7.04120284261049E-16,209.892750024796,206.748674869537,613.017458946,218.805831229998,475.918465625,296.692744623004,0.0364951713810311,0.0364951713810311,30.7629111424226,0.0334213906023282,0.0334188585639076,0.0334200895708861,0.0364951713810311,0.0364951713810311,30.7629111424226,0.0334213906023282,0.0334188585639076,0.0334200895708861,0,0,0,0,0,0,OPTIMAL,OPTIMAL,TIME_LIMIT,OPTIMAL,OPTIMAL,OPTIMAL
50,38,3,19,-7.04120284261049E-16,7.4173309803009,3.96876811981201,611.573484965003,228.547650195003,609.584410041003,374.540040047999,0.0052864848834167,0.0052864848834167,9.76829064094651,0.0052429212343697,0.0052671730441701,0.0052421489470639,0.0052861032537524,0.0052864848834167,9.76829064094651,0.0052429212343697,0.0052671730441701,0.0052421489470639,0.0072189682333409,0,0,0,0,0,OPTIMAL,OPTIMAL,TIME_LIMIT,OPTIMAL,TIME_LIMIT,OPTIMAL
50,38,3,28,-7.04120284261049E-16,0.411406993865967,0.992030143737793,610.197004212998,202.024963838005,614.094520398001,296.505840689002,0.0006515868382153,0.0006515868382153,10.2899987635437,0.0006516768961907,0.0006648462116995,0.0006520039850694,0.0006515868382153,0.0006515868382153,10.2899987635437,0.0006516768961907,0.0006648462116995,0.0006520039850694,0,0,0,0,0,0,OPTIMAL,OPTIMAL,TIME_LIMIT,OPTIMAL,TIME_LIMIT,OPTIMAL
50,12,4,3,3.10861686764206E-16,0.812083005905151,0.725355863571167,611.185928716004,150.831240018997,439.185811076,188.343112595001,0.312774831457778,0.312774831457778,34.5545074961803,0.312774846492774,0.312774836371562,0.312774872210433,0.312774831457778,0.312774831457778,34.5545074961803,0.312774846492774,0.312774836371562,0.312774872210433,0,0,0,0,0,0,OPTIMAL,OPTIMAL,TIME_LIMIT,OPTIMAL,OPTIMAL,OPTIMAL
50,12,4,6,3.10861686764206E-16,0.254871845245361,0.269363880157471,613.266338443005,200.944324928001,596.941902696992,302.003479350009,0.0779597674070491,0.0779597674070491,47.4590385914849,0.0779597889892822,0.077959767681819,0.0779597775945476,0.0779597674070491,0.0779597674070491,47.4590385914849,0.0779597889892822,0.077959767681819,0.0779597775945476,0,0,0,0,0,0,OPTIMAL,OPTIMAL,TIME_LIMIT,OPTIMAL,OPTIMAL,OPTIMAL
50,12,4,9,3.10861686764206E-16,0.095862865447998,0.0852980613708496,611.051552617995,133.810632159002,489.962142441,214.592365113,0.0166347982439784,0.0166347982439784,36.4498633417952,0.0166349027378477,0.0166348196892076,0.016634801233894,0.0166347982439784,0.0166347982439784,36.4498633417952,0.0166349027378477,0.0166348196892076,0.016634801233894,0,0,0,0,0,0,OPTIMAL,OPTIMAL,TIME_LIMIT,OPTIMAL,OPTIMAL,OPTIMAL
50,25,4,6,-2.93831229013882E-16,40.2597260475159,57.5006020069122,612.180235969994,259.983211176004,613.485527366996,357.286305778995,0.123941307728063,0.123941307728063,45.6299898332094,0.121701898504057,0.121706836189628,0.121701352958739,0.123941307728063,0.123941307728063,45.6299898332094,0.121701898504057,0.121706836189628,0.121701352958739,0,0,0,0,0,0,OPTIMAL,OPTIMAL,TIME_LIMIT,OPTIMAL,TIME_LIMIT,OPTIMAL
50,25,4,12,-2.93831229013882E-16,2.90262198448181,3.3721079826355,611.068985227001,181.931025052996,489.394815285996,213.932827379002,0.0242277003101754,0.0242277003101754,27.6957649083713,0.0242277003853233,0.0242279184311752,0.0242277192046395,0.0242277003101754,0.0242277003101754,27.6957649083713,0.0242277003853233,0.0242279184311752,0.0242277192046395,0,0,0,0,0,0,OPTIMAL,OPTIMAL,TIME_LIMIT,OPTIMAL,OPTIMAL,OPTIMAL
50,25,4,19,-2.93831229013882E-16,0.0908491611480712,0.148602962493896,610.980687096992,144.847276162007,517.782737303001,179.237758125004,0.0025975442384353,0.0025975442384353,15.2210376408092,0.0025975510090921,0.002597972135801,0.0025980142322189,0.0025975442384353,0.0025975442384353,15.2210376408092,0.0025975510090921,0.002597972135801,0.0025980142322189,0,0,0,0,0,0,OPTIMAL,OPTIMAL,TIME_LIMIT,OPTIMAL,OPTIMAL,OPTIMAL
50,38,4,10,-4.47390005929303E-16,600.018896102905,600.01598405838,611.441331031005,256.622662688009,511.705765313993,326.016142872992,0.0574559518048901,0.0574559518048901,34.7752560711191,0.0562791072401901,0.0562758027361562,0.0562768370255621,0.0369823299403351,0.0353294023048365,34.7752560711191,0.0562791072401901,0.0562758027361562,0.0562768370255621,35.6335962096314,38.510456802093,0,0,0,0,TIME_LIMIT,TIME_LIMIT,TIME_LIMIT,OPTIMAL,OPTIMAL,OPTIMAL
50,38,4,19,-4.47390005929303E-16,600.015846014023,600.006963968277,611.758876217995,203.42933397599,614.585451795996,288.083419310002,0.014311562344873,0.014311562344873,14.5597776496269,0.0141806542678458,0.0141903386663488,0.0141796968763486,0.0101435827700257,0.0102240322263294,14.5597776496269,0.0141806542678458,0.0141903386663488,0.0141796968763486,29.1231626178146,28.561033519921,0,0,0,0,TIME_LIMIT,TIME_LIMIT,TIME_LIMIT,OPTIMAL,TIME_LIMIT,OPTIMAL
50,38,4,28,-4.47390005929303E-16,1.25587487220764,1.54673099517822,610.835945257,240.069682016998,612.130401734001,354.921500324999,0.0025671774692244,0.0025671774692244,11.4229122799322,0.002551632841946,0.0025762393160117,0.0025514502909386,0.0025671774692244,0.0025671774692244,11.4229122799322,0.002551632841946,0.0025762393160117,0.0025514502909386,0,0,0,0,0,0,OPTIMAL,OPTIMAL,TIME_LIMIT,OPTIMAL,TIME_LIMIT,OPTIMAL
50,12,5,3,1.21269256736779E-16,0.388366937637329,0.31284499168396,610.517552366,181.181460672,475.300962002992,267.113303334001,0.251888337636121,0.251888337636121,31.8169693360164,0.251888371406608,0.251888367731823,0.251888398439351,0.251888337636121,0.251888337636121,31.8169693360164,0.251888371406608,0.251888367731823,0.251888398439351,0,0,0,0,0,0,OPTIMAL,OPTIMAL,TIME_LIMIT,OPTIMAL,OPTIMAL,OPTIMAL
50,12,5,6,1.21269256736779E-16,0.0828969478607177,0.0796961784362793,610.447709066997,125.931771379997,488.050761345003,215.363748151998,0.0356100661562337,0.0356100661562337,43.3111507707676,0.035610138281261,0.0356100861434059,0.0356100666693224,0.0356100661562337,0.0356100661562337,43.3111507707676,0.035610138281261,0.0356100861434059,0.0356100666693224,0,0,0,0,0,0,OPTIMAL,OPTIMAL,TIME_LIMIT,OPTIMAL,OPTIMAL,OPTIMAL
50,12,5,9,1.21269256736779E-16,0.0274028778076171,0.0705540180206298,611.480364393006,170.474699953003,472.094926051999,169.864003442999,0.0034465432822121,0.0034465432822121,33.4524873225815,0.0034465434388693,0.0034467030593996,0.0034465886488545,0.0034465432822121,0.0034465432822121,33.4524873225815,0.0034465434388693,0.0034467030593996,0.0034465886488545,0,0,0,0,0,0,OPTIMAL,OPTIMAL,TIME_LIMIT,OPTIMAL,OPTIMAL,OPTIMAL
50,25,5,6,2.66453525910038E-15,18.413446187973,15.5837309360504,610.684635673999,271.805798090005,609.699755235008,365.645949678001,0.0989576342605941,0.0989576342605942,41.1848012328795,0.0989376684244132,0.0990775324172633,0.098937184779641,0.0989576342605941,0.0989576342605942,41.1848012328795,0.0989376684244132,0.0990775324172633,0.098937184779641,0,0,0,0,0,0,OPTIMAL,OPTIMAL,TIME_LIMIT,OPTIMAL,TIME_LIMIT,OPTIMAL
50,25,5,12,2.66453525910038E-15,5.08160591125488,6.60591292381287,611.71988470701,196.691459939,562.478860239993,303.381742847996,0.0211347528291245,0.0211347528291245,25.2078236180902,0.0211347620312427,0.0211348716886784,0.0211347571257859,0.0211347528291245,0.0211347528291245,25.2078236180902,0.0211347620312427,0.0211348716886784,0.0211347571257859,0,0,0,0,0,0,OPTIMAL,OPTIMAL,TIME_LIMIT,OPTIMAL,OPTIMAL,OPTIMAL
50,25,5,19,2.66453525910038E-15,0.115288019180298,0.162658929824829,611.001845385996,170.054714434009,489.483614169003,218.152028904005,0.0021283233237096,0.0021283233237096,11.872583242829,0.0021283284631067,0.0021283310494095,0.0021289225123879,0.0021283233237096,0.0021283233237096,11.872583242829,0.0021283284631067,0.0021283310494095,0.0021289225123879,0,0,0,0,0,0,OPTIMAL,OPTIMAL,TIME_LIMIT,OPTIMAL,OPTIMAL,OPTIMAL
50,38,5,10,-9.94147040755252E-16,600.006647109985,600.018567800522,611.527773522001,231.292216592992,601.329680115989,318.947070065988,0.0458050068795379,0.0458050068795379,31.5516728270531,0.044333309046102,0.0443300892274197,0.0443308986107668,0.0281076342261791,0.0239567693212769,31.5516728270531,0.044333309046102,0.0443300892274197,0.0443308986107668,38.6363279016657,47.6983610453754,0,0,0,0,TIME_LIMIT,TIME_LIMIT,TIME_LIMIT,OPTIMAL,TIME_LIMIT,OPTIMAL
50,38,5,19,-9.94147040755252E-16,600.006772994995,600.007627010345,610.542761286997,221.123116431001,611.825964078991,307.339521924994,0.0103256187200581,0.0103256187200581,10.3192805000265,0.0102189851163644,0.0102286331977676,0.0102173381089868,0.0084980356778502,0.0076867944638384,10.3192805000265,0.0102189851163644,0.0102286331977676,0.0102173381089868,17.6995015190498,25.5560884801375,0,0,0,0,TIME_LIMIT,TIME_LIMIT,TIME_LIMIT,OPTIMAL,TIME_LIMIT,OPTIMAL
50,38,5,28,-9.94147040755252E-16,1.40333414077759,2.13506317138672,611.933335690002,189.778336688003,581.681290901994,295.914033542009,0.0015726189788581,0.0015726189788581,10.480424337659,0.0015726321670431,0.0015735209306862,0.0015729686046923,0.0015726189788581,0.0015726189788581,10.480424337659,0.0015726321670431,0.0015735209306862,0.0015729686046923,0,0,0,0,0,0,OPTIMAL,OPTIMAL,TIME_LIMIT,OPTIMAL,OPTIMAL,OPTIMAL
50,12,7,3,8.08379914663441E-16,0.28397798538208,0.265014886856079,611.841928382,120.178260742,402.660529558,214.844282713,0.222874734123355,0.222874734123355,31.1291244032846,0.222874832217829,0.222874738975866,0.222874734295376,0.222874734123355,0.222874734123355,31.1291244032846,0.222874832217829,0.222874738975866,0.222874734295376,0,0,0,0,0,0,OPTIMAL,OPTIMAL,TIME_LIMIT,OPTIMAL,OPTIMAL,OPTIMAL
50,12,7,6,8.08379914663441E-16,0.122714996337891,0.122639894485474,612.535875439,145.470247556,418.026792333,207.424461291,0.0433511904650557,0.0433511904650557,42.2535412471697,0.0433513806213283,0.0433512023725579,0.0433512426506092,0.0433511904650557,0.0433511904650557,42.2535412471697,0.0433513806213283,0.0433512023725579,0.0433512426506092,0,0,0,0,0,0,OPTIMAL,OPTIMAL,TIME_LIMIT,OPTIMAL,OPTIMAL,OPTIMAL
50,12,7,9,8.08379914663441E-16,0.0438690185546875,0.0671858787536621,609.267980751,171.305449152,528.019437569,179.633242103,0.0049564134536157,0.0049564134536157,32.7206557282382,0.004956413674236,0.0049564400991814,0.0049569678173137,0.0049564134536157,0.0049564134536157,32.7206557282382,0.004956413674236,0.0049564400991814,0.0049569678173137,0,0,0,0,0,0,OPTIMAL,OPTIMAL,TIME_LIMIT,OPTIMAL,OPTIMAL,OPTIMAL
50,25,7,6,1.11022302462516E-15,45.403883934021,46.7476041316986,613.198973642,262.60115369,612.050462798,325.844428509999,0.10611169019979,0.10611169019979,39.7785241621683,0.106112598802614,0.106193896029623,0.106112689160008,0.10611169019979,0.10611169019979,39.7785241621683,0.106112598802614,0.106193896029623,0.106112689160008,0,0,0,0,0,0,OPTIMAL,OPTIMAL,TIME_LIMIT,OPTIMAL,TIME_LIMIT,OPTIMAL
50,25,7,12,1.11022302462516E-15,46.6287071704865,50.2916820049286,612.824247549001,234.284332435,610.468748249,295.20941834,0.0252877679399326,0.0252877679399326,23.8462861888981,0.0252879284542413,0.0255040293190532,0.0252877872259927,0.0252877679399326,0.0252877679399326,23.8462861888981,0.0252879284542413,0.0255040293190532,0.0252877872259927,0,0,0,0,0,0,OPTIMAL,OPTIMAL,TIME_LIMIT,OPTIMAL,TIME_LIMIT,OPTIMAL
50,25,7,19,1.11022302462516E-15,0.221349954605102,0.165802955627441,611.680325862999,144.969166794999,527.732307926,159.795893899,0.002859577011253,0.002859577011253,10.185699098477,0.0028602820564518,0.0028595819441511,0.0028598115905291,0.002859577011253,0.002859577011253,10.185699098477,0.0028602820564518,0.0028595819441511,0.0028598115905291,0,0,0,0,0,0,OPTIMAL,OPTIMAL,TIME_LIMIT,OPTIMAL,OPTIMAL,OPTIMAL
50,38,7,10,1.31933752602656E-17,600.016116142273,600.020515203476,611.592694052,241.526694536999,548.502531097,336.712816929999,0.0466423463267409,0.0466423463267409,30.7521481077513,0.0456304602546991,0.0456279865287398,0.045628606000565,0.0324120137433232,0.0294595417119872,30.7521481077513,0.0456304602546991,0.0456279865287398,0.045628606000565,30.5094698361245,36.8394945108122,0,0,0,0,TIME_LIMIT,TIME_LIMIT,TIME_LIMIT,OPTIMAL,OPTIMAL,OPTIMAL
50,38,7,19,1.31933752602656E-17,461.516990184784,476.817249059677,610.0888127,221.499553019001,603.131641126,317.309390809001,0.0094138214790722,0.0094138214790722,8.74154541572349,0.0092344147504925,0.0092322622822484,0.0092331138193665,0.0094135828161863,0.0094129688945745,8.74154541572349,0.0092344147504925,0.0092322622822484,0.0092331138193665,0.0025352391310789,0.0090567311011231,0,0,0,0,OPTIMAL,OPTIMAL,TIME_LIMIT,OPTIMAL,TIME_LIMIT,OPTIMAL
50,38,7,28,1.31933752602656E-17,0.946047067642212,1.55842900276184,612.618428869,139.353471615001,596.730899847998,273.381781600998,0.0014020253679291,0.0014020253679291,10.2418829019933,0.0014024144767906,0.0014023069126648,0.0014020261340001,0.0014020253679291,0.0014020253679291,10.2418829019933,0.0014024144767906,0.0014023069126648,0.0014020261340001,0,0,0,0,0,0,OPTIMAL,OPTIMAL,TIME_LIMIT,OPTIMAL,OPTIMAL,OPTIMAL
50,12,8,3,-4.59620940061038E-16,0.206063985824585,0.143031120300293,609.085431792002,119.515894159002,417.471416576998,206.539259433001,0.165473102919229,0.165473102919229,31.1965011086618,0.16547400099407,0.165473111318929,0.16547310313093,0.165473102919229,0.165473102919229,31.1965011086618,0.16547400099407,0.165473111318929,0.16547310313093,0,0,0,0,0,0,OPTIMAL,OPTIMAL,TIME_LIMIT,OPTIMAL,OPTIMAL,OPTIMAL
50,12,8,6,-4.59620940061038E-16,0.103216886520386,0.0984251499176025,610.674033395997,151.596196451999,436.536918121998,217.611793127002,0.0263518712749502,0.0263518712749501,42.2086262086812,0.0263518773018514,0.0263518898142198,0.0263519288531962,0.0263518712749502,0.0263518712749501,42.2086262086812,0.0263518773018514,0.0263518898142198,0.0263519288531962,0,0,0,0,0,0,OPTIMAL,OPTIMAL,TIME_LIMIT,OPTIMAL,OPTIMAL,OPTIMAL
50,12,8,9,-4.59620940061038E-16,0.0603699684143066,0.0547130107879638,610.602007308,192.584359295,531.427290520001,243.609953291001,0.0059037359058292,0.0059037359058292,32.7200443061963,0.0059037994421962,0.0059037369431249,0.0059037359389572,0.0059037359058292,0.0059037359058292,32.7200443061963,0.0059037994421962,0.0059037369431249,0.0059037359389572,0,0,0,0,0,0,OPTIMAL,OPTIMAL,TIME_LIMIT,OPTIMAL,OPTIMAL,OPTIMAL
50,25,8,6,-8.24488143803846E-16,18.6444339752197,16.6551690101624,609.366901448,260.316044939998,616.896932951,387.371870935,0.0970996475843832,0.0970996475843832,39.5834108690209,0.0963128424108365,0.0963580432169095,0.0963112281340971,0.0970996475843832,0.0970996475843832,39.5834108690209,0.0963128424108365,0.0963580432169095,0.0963112281340971,0,0,0,0,0,0,OPTIMAL,OPTIMAL,TIME_LIMIT,OPTIMAL,TIME_LIMIT,OPTIMAL
50,25,8,12,-8.24488143803846E-16,3.77051997184753,3.20671582221985,611.598330422999,265.762587146,608.704841431001,365.412287440002,0.0208183642604811,0.0208183642604811,24.3435707210289,0.0207971058317601,0.0209055899401034,0.0207961295384058,0.0208183642604811,0.0208183642604811,24.3435707210289,0.0207971058317601,0.0209055899401034,0.0207961295384058,0,0,0,0,0,0,OPTIMAL,OPTIMAL,TIME_LIMIT,OPTIMAL,TIME_LIMIT,OPTIMAL
50,25,8,19,-8.24488143803846E-16,0.120440006256104,0.179924011230469,610.127202382999,168.820715425001,511.127402493999,294.671962947999,0.0020832825162138,0.0020832825162138,10.686518279248,0.0020832884144465,0.0020833016939023,0.0020833191679772,0.0020832825162138,0.0020832825162138,10.686518279248,0.0020832884144465,0.0020833016939023,0.0020833191679772,0,0,0,0,0,0,OPTIMAL,OPTIMAL,TIME_LIMIT,OPTIMAL,OPTIMAL,OPTIMAL
50,38,8,10,5.24563259015496E-16,600.00808596611,600.010239124298,612.256222961001,216.363483238998,548.665137319,287.605241337002,0.045164376369509,0.045164376369509,30.4322898638506,0.0436449056083255,0.0436432265227515,0.0436436365263558,0.0382928800651664,0.0383179458264798,30.4322898638506,0.0436449056083255,0.0436432265227515,0.0436436365263558,15.2144164421179,15.1589174773843,0,0,0,0,TIME_LIMIT,TIME_LIMIT,TIME_LIMIT,OPTIMAL,OPTIMAL,OPTIMAL
50,38,8,19,5.24563259015496E-16,53.5674390792847,42.4491379261017,610.531467018001,228.888165245,606.369164454998,345.051046708999,0.0089033073434735,0.0089033073434735,8.58547102782971,0.0087677884572515,0.0087671087863095,0.008767317875325,0.0089033073434735,0.0089033073434735,8.58547102782971,0.0087677884572515,0.0087671087863095,0.008767317875325,0,0,0,0,0,0,OPTIMAL,OPTIMAL,TIME_LIMIT,OPTIMAL,TIME_LIMIT,OPTIMAL
50,38,8,28,5.24563259015496E-16,0.469407081604004,0.424832105636597,612.194524666,165.722396510999,605.360255254003,285.963554399001,0.000934632463402,0.000934632463402,10.162908627724,0.0009346325534535,0.0009346362082541,0.0009346478296167,0.000934632463402,0.000934632463402,10.162908627724,0.0009346325534535,0.0009346362082541,0.0009346478296167,0,0,0,0,0,0,OPTIMAL,OPTIMAL,TIME_LIMIT,OPTIMAL,TIME_LIMIT,OPTIMAL
50,12,9,3,-8.51095129229064E-16,0.265517950057983,0.200989961624145,611.998362136997,144.667397299003,409.55696871,208.489655140002,0.193475338747099,0.193475338747099,28.1389967992622,0.193475892255364,0.193475614902476,0.193476011402269,0.193475338747099,0.193475338747099,28.1389967992622,0.193475892255364,0.193475614902476,0.193476011402269,0,0,0,0,0,0,OPTIMAL,OPTIMAL,TIME_LIMIT,OPTIMAL,OPTIMAL,OPTIMAL
50,12,9,6,-8.51095129229064E-16,0.0644619464874267,0.0569000244140625,610.260283468,157.966734749003,467.963058956004,218.353076444997,0.0160293422975632,0.0160293422975632,37.8985218623282,0.0160294465244985,0.0160297947970057,0.0160298544347379,0.0160293422975632,0.0160293422975632,37.8985218623282,0.0160294465244985,0.0160297947970057,0.0160298544347379,0,0,0,0,0,0,OPTIMAL,OPTIMAL,TIME_LIMIT,OPTIMAL,OPTIMAL,OPTIMAL
50,12,9,9,-8.51095129229064E-16,0.0270740985870361,0.0791749954223632,612.065401993001,157.927629614002,492.179256520001,227.329787297996,0.0011283146174311,0.0011283146174311,29.5375728705625,0.0011291316644096,0.0011283398344224,0.0011283262739113,0.0011283146174311,0.0011283146174311,29.5375728705625,0.0011291316644096,0.0011283398344224,0.0011283262739113,0,0,0,0,0,0,OPTIMAL,OPTIMAL,TIME_LIMIT,OPTIMAL,OPTIMAL,OPTIMAL
50,25,9,6,-9.49562705978721E-16,12.3811049461365,12.4578809738159,612.76602286,241.099798865005,609.469046573002,306.772565396997,0.0792315177415464,0.0792315177415464,35.2440555939279,0.0779562803296435,0.0779546298148094,0.0779555332872992,0.0792315177415464,0.0792315177415464,35.2440555939279,0.0779562803296435,0.0779546298148094,0.0779555332872992,0,0,0,0,0,0,OPTIMAL,OPTIMAL,TIME_LIMIT,OPTIMAL,TIME_LIMIT,OPTIMAL
50,25,9,12,-9.49562705978721E-16,1.73221302032471,1.57331919670105,613.095167934,175.911432740002,597.336423394998,237.564984442004,0.0135666853671424,0.0135666853671424,21.5703021149487,0.0135669889563832,0.013566697770219,0.0135673178190809,0.0135666853671424,0.0135666853671424,21.5703021149487,0.0135669889563832,0.013566697770219,0.0135673178190809,0,0,0,0,0,0,OPTIMAL,OPTIMAL,TIME_LIMIT,OPTIMAL,OPTIMAL,OPTIMAL
50,25,9,19,-9.49562705978721E-16,0.107822179794311,0.327873945236206,611.391472220006,182.374933862004,598.493187738997,273.679864999001,0.0011581924193982,0.0011581924193982,7.28873186886926,0.001158199133801,0.0011585292650741,0.0011581958622366,0.0011581924193982,0.0011581924193982,7.28873186886926,0.001158199133801,0.0011585292650741,0.0011581958622366,0,0,0,0,0,0,OPTIMAL,OPTIMAL,TIME_LIMIT,OPTIMAL,OPTIMAL,OPTIMAL
50,38,9,10,-2.96276039939733E-16,368.841499090195,440.404439926147,610.789835366006,243.015397889998,566.601928020005,317.216019411004,0.0332555881322,0.0332555881322,27.2637150496575,0.0323084578427729,0.0323033426714021,0.0323047212753329,0.0332555881322,0.0332555881322,27.2637150496575,0.0323084578427729,0.0323033426714021,0.0323047212753329,0,0,0,0,0,0,OPTIMAL,OPTIMAL,TIME_LIMIT,OPTIMAL,OPTIMAL,OPTIMAL
50,38,9,19,-2.96276039939733E-16,73.1984360218048,75.7277669906616,610.022308769003,215.981338564001,609.050857984003,296.700482207001,0.0067858559365858,0.0067858559365858,5.96426828856193,0.0067805533516429,0.0068091973497314,0.0067803377670199,0.0067858559365858,0.0067858559365858,5.96426828856193,0.0067805533516429,0.0068091973497314,0.0067803377670199,0,0,0,0,0,0,OPTIMAL,OPTIMAL,TIME_LIMIT,OPTIMAL,TIME_LIMIT,OPTIMAL
50,38,9,28,-2.96276039939733E-16,0.866420984268189,1.14539003372192,609.139680086999,214.462139367002,628.887469369998,402.505584425002,0.0008944613316534,0.0008944613316534,9.23931083397461,0.0008947576355572,0.0009209772125201,0.0008946682841125,0.0008944613316534,0.0008944613316534,9.23931083397461,0.0008947576355572,0.0009209772125201,0.0008946682841125,0,0,0,0,0,0,OPTIMAL,OPTIMAL,TIME_LIMIT,OPTIMAL,TIME_LIMIT,OPTIMAL
50,12,10,3,-2.91433543964104E-16,0.312884092330933,0.248239994049072,609.928478148999,169.191753857005,436.463142506997,198.911244315001,0.24265134370212,0.24265134370212,31.9163446008276,0.242651345012009,0.242651346299257,0.242651358932212,0.24265134370212,0.24265134370212,31.9163446008276,0.242651345012009,0.242651346299257,0.242651358932212,0,0,0,0,0,0,OPTIMAL,OPTIMAL,TIME_LIMIT,OPTIMAL,OPTIMAL,OPTIMAL
50,12,10,6,-2.91433543964104E-16,0.078599214553833,0.0694420337677002,611.331641279998,171.157996433998,456.372555262999,254.821204155,0.0342292554035035,0.0342292554035035,43.1564239887141,0.0342292557189517,0.0342292556077654,0.0342292630217219,0.0342292554035035,0.0342292554035035,43.1564239887141,0.0342292557189517,0.0342292556077654,0.0342292630217219,0,0,0,0,0,0,OPTIMAL,OPTIMAL,TIME_LIMIT,OPTIMAL,OPTIMAL,OPTIMAL
50,12,10,9,-2.91433543964104E-16,0.0472080707550048,0.0698459148406982,612.397349085004,184.381159344004,517.946213235002,237.539955811,0.0038011691076002,0.0038011691076002,33.4541695981439,0.0038012101915117,0.0038011693937448,0.0038012031589007,0.0038011691076002,0.0038011691076002,33.4541695981439,0.0038012101915117,0.0038011693937448,0.0038012031589007,0,0,0,0,0,0,OPTIMAL,OPTIMAL,TIME_LIMIT,OPTIMAL,OPTIMAL,OPTIMAL
50,25,10,6,-1.37390099297363E-15,22.037369966507,21.4476459026337,609.765869866998,246.094128926998,601.402593494,329.113807579,0.101643198164216,0.101643198164216,40.2256653651177,0.0996329937208612,0.0996618884178263,0.0996301085490979,0.101643198164216,0.101643198164216,40.2256653651177,0.0996329937208612,0.0996618884178263,0.0996301085490979,0,0,0,0,0,0,OPTIMAL,OPTIMAL,TIME_LIMIT,OPTIMAL,TIME_LIMIT,OPTIMAL
50,25,10,12,-1.37390099297363E-15,7.72699403762817,8.90532398223877,609.518119531,275.612249186997,601.436512165994,346.960388785999,0.0225070887590013,0.0225070887590013,24.4430196352187,0.0221294561976533,0.0221207941926404,0.0221196625461567,0.0225070887590013,0.0225070887590013,24.4430196352187,0.0221294561976533,0.0221207941926404,0.0221196625461567,0,0,0,0,0,0,OPTIMAL,OPTIMAL,TIME_LIMIT,OPTIMAL,TIME_LIMIT,OPTIMAL
50,25,10,19,-1.37390099297363E-15,0.08856201171875,0.103925228118896,611.287029628002,120.859924784003,447.430811350998,243.678722238998,0.0016904599928222,0.0016904599928222,11.0866071527812,0.0016906350413647,0.0016908916711751,0.0016904819439031,0.0016904599928222,0.0016904599928222,11.0866071527812,0.0016906350413647,0.0016908916711751,0.0016904819439031,0,0,0,0,0,0,OPTIMAL,OPTIMAL,TIME_LIMIT,OPTIMAL,OPTIMAL,OPTIMAL
50,38,10,10,-1.09575493589668E-16,338.099663972855,390.502850055695,609.278329946996,223.297629298002,516.765713945999,297.067591482002,0.0367414964388914,0.0367414964388914,30.9079102220482,0.0342821874048433,0.0342793545628428,0.0342801798316861,0.0367414964388914,0.0367393902319646,30.9079102220482,0.0342821874048433,0.0342793545628428,0.0342801798316861,0,0.0057325017512553,0,0,0,0,OPTIMAL,OPTIMAL,TIME_LIMIT,OPTIMAL,OPTIMAL,OPTIMAL
50,38,10,19,-1.09575493589668E-16,109.189765930176,98.2069959640503,610.8120413,204.635218664,601.782881645006,268.371666076004,0.0083736634456233,0.0083736634456233,9.64695399550871,0.0079643753659646,0.0079644912919919,0.0079627833280087,0.0083736634456233,0.0083736634456233,9.64695399550871,0.0079643753659646,0.0079644912919919,0.0079627833280087,0,0,0,0,0,0,OPTIMAL,OPTIMAL,TIME_LIMIT,OPTIMAL,TIME_LIMIT,OPTIMAL
50,38,10,28,-1.09575493589668E-16,0.806984901428223,0.862500905990601,612.829046685998,183.606444099001,618.426066807995,293.959177975004,0.0010666965161566,0.0010666965161566,10.3059388823201,0.001066709244595,0.0010667011477601,0.0010667079901789,0.0010666965161566,0.0010666965161566,10.3059388823201,0.001066709244595,0.0010667011477601,0.0010667079901789,0,0,0,0,0,0,OPTIMAL,OPTIMAL,TIME_LIMIT,OPTIMAL,TIME_LIMIT,OPTIMAL
50,12,11,3,8.21611968467313E-16,0.289844036102295,0.238535165786743,608.891087506003,151.284260738001,400.949542056995,208.190116091995,0.214997066884172,0.214997066884172,31.0187732573842,0.214997068746723,0.214997067486896,0.214997071817301,0.214997066884172,0.214997066884172,31.0187732573842,0.214997068746723,0.214997067486896,0.214997071817301,0,0,0,0,0,0,OPTIMAL,OPTIMAL,TIME_LIMIT,OPTIMAL,OPTIMAL,OPTIMAL
50,12,11,6,8.21611968467313E-16,0.0928640365600586,0.0905020236968994,610.018317926995,158.041929824001,440.92218744701,247.780878963007,0.0432518596818351,0.0432518596818351,42.0338691002006,0.0432519973824145,0.0432518628517644,0.0432523947693543,0.0432518596818351,0.0432518596818351,42.0338691002006,0.0432519973824145,0.0432518628517644,0.0432523947693543,0,0,0,0,0,0,OPTIMAL,OPTIMAL,TIME_LIMIT,OPTIMAL,OPTIMAL,OPTIMAL
50,12,11,9,8.21611968467313E-16,0.0400300025939941,0.0676658153533935,611.688333391998,152.656719940002,491.796070451004,178.808136542997,0.0058500147073005,0.0058500147073005,32.5581200935938,0.0058501294324535,0.0058500315313411,0.0058505837121368,0.0058500147073005,0.0058500147073005,32.5581200935938,0.0058501294324535,0.0058500315313411,0.0058505837121368,0,0,0,0,0,0,OPTIMAL,OPTIMAL,TIME_LIMIT,OPTIMAL,OPTIMAL,OPTIMAL
50,25,11,6,2.99171017390793E-16,13.3269109725952,12.0639381408691,610.656081256006,177.295453508006,492.053117033996,247.236549341003,0.0831163180531404,0.0831163180531404,39.6750327817151,0.0831171832790677,0.083116322792798,0.0831163308696818,0.0831163180531404,0.0831163180531404,39.6750327817151,0.0831171832790677,0.083116322792798,0.0831163308696818,0,0,0,0,0,0,OPTIMAL,OPTIMAL,TIME_LIMIT,OPTIMAL,OPTIMAL,OPTIMAL
50,25,11,12,2.99171017390793E-16,9.5408399105072,9.08642315864563,610.497142115011,213.271072453004,602.029374478996,287.251720941989,0.0205495234376268,0.0205495234376268,24.1911435057134,0.020549694522534,0.0205498241873813,0.020549847277447,0.0205495234376268,0.0205495234376268,24.1911435057134,0.020549694522534,0.0205498241873813,0.020549847277447,0,0,0,0,0,0,OPTIMAL,OPTIMAL,TIME_LIMIT,OPTIMAL,TIME_LIMIT,OPTIMAL
50,25,11,19,2.99171017390793E-16,0.1231529712677,0.148882865905762,610.923851190004,170.692353578008,473.063359352003,253.809496317001,0.0020311652882108,0.0020311652882108,10.4195911474995,0.0020311681422841,0.0020313732864384,0.0020311692803207,0.0020311652882108,0.0020311652882108,10.4195911474995,0.0020311681422841,0.0020313732864384,0.0020311692803207,0,0,0,0,0,0,OPTIMAL,OPTIMAL,TIME_LIMIT,OPTIMAL,OPTIMAL,OPTIMAL
50,38,11,10,-8.18254150104885E-16,600.006951093674,600.015235900879,612.140495593994,250.057390855,602.559761294004,288.139972491001,0.0412271348997677,0.0412271348997677,30.4901870938432,0.0394052943045602,0.0393982164592693,0.0393989715840683,0.0323505679186651,0.0363999697420712,30.4901870938432,0.0394052943045602,0.0393982164592693,0.0393989715840683,21.5308849443053,11.7087087653128,0,0,0,0,TIME_LIMIT,TIME_LIMIT,TIME_LIMIT,OPTIMAL,TIME_LIMIT,OPTIMAL
50,38,11,19,-8.18254150104885E-16,174.777819871902,173.872095823288,610.847182127996,190.790094791999,619.575105117008,337.057576012987,0.0094964857774898,0.0094964857774898,7.97857343610039,0.0091797231136797,0.0091788038212939,0.0091788668857633,0.0094964857774898,0.0094964857774898,7.97857343610039,0.0091797231136797,0.0091788038212939,0.0091788668857633,0,0,0,0,0,0,OPTIMAL,OPTIMAL,TIME_LIMIT,OPTIMAL,TIME_LIMIT,OPTIMAL
50,38,11,28,-8.18254150104885E-16,1.42058300971985,2.0093560218811,610.929526745997,203.348046143001,615.742430765007,334.512467305001,0.001875217189575,0.001875217189575,10.1394384887855,0.0018180067265656,0.0018246454820396,0.0018177457287901,0.001875217189575,0.001875217189575,10.1394384887855,0.0018180067265656,0.0018246454820396,0.0018177457287901,0,0,0,0,0,0,OPTIMAL,OPTIMAL,TIME_LIMIT,OPTIMAL,TIME_LIMIT,OPTIMAL
50,12,12,3,-1.78644878406689E-17,0.660320997238159,0.63555383682251,609.447299684995,150.766595762005,461.563647249001,224.564581104001,0.249915776060953,0.249915776060953,30.976908626899,0.249915782408924,0.249916765001571,0.249915776834371,0.249915776060953,0.249915776060953,30.976908626899,0.249915782408924,0.249916765001571,0.249915776834371,0,0,0,0,0,0,OPTIMAL,OPTIMAL,TIME_LIMIT,OPTIMAL,OPTIMAL,OPTIMAL
50,12,12,6,-1.78644878406689E-17,0.131553173065185,0.121896982192993,611.320454261004,151.525436092998,509.287643967997,207.627034806006,0.0439618880313111,0.0439618880313111,42.213579838074,0.0439625059463464,0.0439619036686012,0.0439626244395767,0.0439618880313111,0.0439618880313111,42.213579838074,0.0439625059463464,0.0439619036686012,0.0439626244395767,0,0,0,0,0,0,OPTIMAL,OPTIMAL,TIME_LIMIT,OPTIMAL,OPTIMAL,OPTIMAL
50,12,12,9,-1.78644878406689E-17,0.0455801486968994,0.0641019344329834,614.22596198901,183.206391451997,510.748386995998,178.953338938998,0.0037280740446529,0.0037280740446529,32.5457225531387,0.0037281087254243,0.0037281474764869,0.003728132257048,0.0037280740446529,0.0037280740446529,32.5457225531387,0.0037281087254243,0.0037281474764869,0.003728132257048,0,0,0,0,0,0,OPTIMAL,OPTIMAL,TIME_LIMIT,OPTIMAL,OPTIMAL,OPTIMAL
50,25,12,6,-2.98149188249833E-16,7.81516718864441,17.7111899852753,611.618046225005,183.602121068005,585.125069442991,226.483802383998,0.0806810224557905,0.0806810224557905,40.81419357697,0.0806810254190718,0.0806810232376277,0.0806810256826947,0.0806810224557905,0.0806810224557905,40.81419357697,0.0806810254190718,0.0806810232376277,0.0806810256826947,0,0,0,0,0,0,OPTIMAL,OPTIMAL,TIME_LIMIT,OPTIMAL,OPTIMAL,OPTIMAL
50,25,12,12,-2.98149188249833E-16,1.49563694000244,1.45803189277649,611.842613439003,196.661190537008,617.156905855009,293.764424084002,0.0134777257107731,0.0134777257107731,24.7132244453656,0.0134777324592566,0.0134815115541538,0.0134777292940078,0.0134777257107731,0.0134777257107731,24.7132244453656,0.0134777324592566,0.0134815115541538,0.0134777292940078,0,0,0,0,0,0,OPTIMAL,OPTIMAL,TIME_LIMIT,OPTIMAL,TIME_LIMIT,OPTIMAL
50,25,12,19,-2.98149188249833E-16,0.0525281429290771,0.0937089920043945,613.074562554,157.706271443996,494.288965685002,238.130468291987,0.0003353485128556,0.0003353485128556,11.5479965782061,0.0003353741457363,0.0003353708197353,0.0003353633724703,0.0003353485128556,0.0003353485128556,11.5479965782061,0.0003353741457363,0.0003353708197353,0.0003353633724703,0,0,0,0,0,0,OPTIMAL,OPTIMAL,TIME_LIMIT,OPTIMAL,OPTIMAL,OPTIMAL
50,38,12,10,-3.13085768238771E-16,177.321188926697,205.913508176804,610.788204591008,223.833824338013,563.862687624001,312.913952015006,0.0361903154780852,0.0361903154780852,31.3595887592949,0.0335025502117378,0.033500697738007,0.0335014328529125,0.0361903154780852,0.0361903154780852,31.3595887592949,0.0335025502117378,0.033500697738007,0.0335014328529125,0,0,0,0,0,0,OPTIMAL,OPTIMAL,TIME_LIMIT,OPTIMAL,OPTIMAL,OPTIMAL
50,38,12,19,-3.13085768238771E-16,17.8640260696411,14.5896198749542,612.104866212001,187.640698661999,587.785803936,258.292760273005,0.0066628514851092,0.0066628514851092,10.826354926871,0.006316686704067,0.0063146653554647,0.0063150419587134,0.0066628514851092,0.0066628514851092,10.826354926871,0.006316686704067,0.0063146653554647,0.0063150419587134,0,0,0,0,0,0,OPTIMAL,OPTIMAL,TIME_LIMIT,OPTIMAL,OPTIMAL,OPTIMAL
50,38,12,28,-3.13085768238771E-16,0.13210391998291,0.321794033050537,610.517998958996,195.384252863994,607.966183319993,275.701352518998,0.0003084035123272,0.0003084035123272,10.5003444755746,0.0003084091067791,0.0003094196437941,0.0003084133021068,0.0003084035123272,0.0003084035123272,10.5003444755746,0.0003084091067791,0.0003094196437941,0.0003084133021068,0,0,0,0,0,0,OPTIMAL,OPTIMAL,TIME_LIMIT,OPTIMAL,TIME_LIMIT,OPTIMAL
50,12,13,3,-3.91289770095886E-16,0.253515005111694,0.174407958984375,611.792882584996,138.473285279004,474.646824237992,225.012332287995,0.152084407109991,0.152084407109991,28.098138124365,0.152084451794223,0.152084501185285,0.152084407888156,0.152084407109991,0.152084407109991,28.098138124365,0.152084451794223,0.152084501185285,0.152084407888156,0,0,0,0,0,0,OPTIMAL,OPTIMAL,TIME_LIMIT,OPTIMAL,OPTIMAL,OPTIMAL
50,12,13,6,-3.91289770095886E-16,0.100020885467529,0.102230072021484,610.742516141996,171.955657732004,496.617299568999,207.192722797001,0.019500388921936,0.019500388921936,37.8525768617442,0.0195003937566089,0.0195003954632583,0.0195009529030432,0.019500388921936,0.019500388921936,37.8525768617442,0.0195003937566089,0.0195003954632583,0.0195009529030432,0,0,0,0,0,0,OPTIMAL,OPTIMAL,TIME_LIMIT,OPTIMAL,OPTIMAL,OPTIMAL
50,12,13,9,-3.91289770095886E-16,0.0402998924255371,0.0849299430847168,609.462107012994,152.454170088007,458.017343569998,237.232788169,0.0031744668587338,0.0031744668587338,29.4297253440907,0.0031745975499619,0.0031744754660235,0.0031744678879823,0.0031744668587338,0.0031744668587338,29.4297253440907,0.0031745975499619,0.0031744754660235,0.0031744678879823,0,0,0,0,0,0,OPTIMAL,OPTIMAL,TIME_LIMIT,OPTIMAL,OPTIMAL,OPTIMAL
50,25,13,6,-2.20425447269486E-16,8.20899391174316,7.83543395996094,612.883839057991,234.057378548998,604.958045829,325.885341287998,0.0740690133696512,0.0740690133696512,35.8363769173671,0.0715013349482411,0.0714843456385205,0.0714815012364504,0.0740690133696512,0.0740690133696512,35.8363769173671,0.0715013349482411,0.0714843456385205,0.0714815012364504,0,0,0,0,0,0,OPTIMAL,OPTIMAL,TIME_LIMIT,OPTIMAL,TIME_LIMIT,OPTIMAL
50,25,13,12,-2.20425447269486E-16,2.65807819366455,3.24721312522888,611.716156233,176.595690372997,601.981122204001,293.053356089003,0.0128695437074756,0.0128695437074756,22.2610675623707,0.0128695964411559,0.0128695499697938,0.0128696604125728,0.0128695437074756,0.0128695437074756,22.2610675623707,0.0128695964411559,0.0128695499697938,0.0128696604125728,0,0,0,0,0,0,OPTIMAL,OPTIMAL,TIME_LIMIT,OPTIMAL,TIME_LIMIT,OPTIMAL
50,25,13,19,-2.20425447269486E-16,0.235254049301147,0.264098882675171,610.216821180002,163.888404091995,585.996127638995,274.608591565004,0.0011875765559282,0.0011875765559282,8.24808939018757,0.0011882165422897,0.0011875815876384,0.0011875789940741,0.0011875765559282,0.0011875765559282,8.24808939018757,0.0011882165422897,0.0011875815876384,0.0011875789940741,0,0,0,0,0,0,OPTIMAL,OPTIMAL,TIME_LIMIT,OPTIMAL,OPTIMAL,OPTIMAL
50,38,13,10,2.82804881637305E-17,167.654161930084,172.087537050247,610.338072346,222.899684502001,495.236548308996,297.598143707,0.0343319805403723,0.0343319805403723,27.7358012664923,0.0327509153012312,0.0327488772941782,0.0327495875145227,0.0343319805403723,0.0343319805403723,27.7358012664923,0.0327509153012312,0.0327488772941782,0.0327495875145227,0,0,0,0,0,0,OPTIMAL,OPTIMAL,TIME_LIMIT,OPTIMAL,OPTIMAL,OPTIMAL
50,38,13,19,2.82804881637305E-17,12.7849750518799,11.8324620723724,611.761284220003,209.523772828004,617.344837878001,345.091350061004,0.0059606090338791,0.0059606090338791,6.64466933607468,0.0059446049192657,0.0059453567170662,0.0059442565618811,0.0059606090338791,0.0059606090338791,6.64466933607468,0.0059446049192657,0.0059453567170662,0.0059442565618811,0,0,0,0,0,0,OPTIMAL,OPTIMAL,TIME_LIMIT,OPTIMAL,TIME_LIMIT,OPTIMAL
50,38,13,28,2.82804881637305E-17,0.572962999343872,0.684844970703125,609.095199874006,183.377200870003,612.948299751995,343.997424466012,0.0004751033270735,0.0004751033270735,9.43312921822632,0.0004751109507934,0.0005248025174321,0.0004751367544172,0.0004751033270735,0.0004751033270735,9.43312921822632,0.0004751109507934,0.0005248025174321,0.0004751367544172,0,0,0,0,0,0,OPTIMAL,OPTIMAL,TIME_LIMIT,OPTIMAL,TIME_LIMIT,OPTIMAL
50,12,14,3,1.25913018912713E-16,0.351081132888794,0.265627861022949,611.615095985006,176.638004488996,559.423604477997,286.55118588901,0.222205107884689,0.222205107884689,30.1547625156063,0.222206155041795,0.222205145577793,0.222205165392892,0.222205107884689,0.222205107884689,30.1547625156063,0.222206155041795,0.222205145577793,0.222205165392892,0,0,0,0,0,0,OPTIMAL,OPTIMAL,TIME_LIMIT,OPTIMAL,OPTIMAL,OPTIMAL
50,12,14,6,1.25913018912713E-16,0.09663987159729,0.098111867904663,610.347466731997,176.018280482007,473.751648111996,228.469092723011,0.0300776698687464,0.0300776698687464,40.8687679687705,0.0300776979529248,0.0300776857608415,0.030077710032464,0.0300776698687464,0.0300776698687464,40.8687679687705,0.0300776979529248,0.0300776857608415,0.030077710032464,0,0,0,0,0,0,OPTIMAL,OPTIMAL,TIME_LIMIT,OPTIMAL,OPTIMAL,OPTIMAL
50,12,14,9,1.25913018912713E-16,0.0257010459899902,0.0531988143920898,611.555433335001,164.876175373007,547.788187318001,237.703449395994,0.0007822835753907,0.0007822835753907,31.6767678780886,0.0007824327167744,0.0007822863128728,0.0007823198304913,0.0007822835753907,0.0007822835753907,31.6767678780886,0.0007824327167744,0.0007822863128728,0.0007823198304913,0,0,0,0,0,0,OPTIMAL,OPTIMAL,TIME_LIMIT,OPTIMAL,OPTIMAL,OPTIMAL
50,25,14,6,-1.59389257104963E-15,14.629292011261,14.5296590328217,613.208840243999,190.475431590996,531.447233072002,273.876698673994,0.0897507577354611,0.0897507577354611,38.7811881321479,0.089750782064035,0.0897507586299578,0.0897507591147843,0.0897507577354611,0.0897507577354611,38.7811881321479,0.089750782064035,0.0897507586299578,0.0897507591147843,0,0,0,0,0,0,OPTIMAL,OPTIMAL,TIME_LIMIT,OPTIMAL,OPTIMAL,OPTIMAL
50,25,14,12,-1.59389257104963E-15,1.28429794311523,1.062744140625,611.044952735989,177.669553786996,595.462995099995,283.353128654999,0.0142056046644978,0.0142056046644978,23.7182968108208,0.0142059934143787,0.0142056241819979,0.0142056084188395,0.0142056046644978,0.0142056046644978,23.7182968108208,0.0142059934143787,0.0142056241819979,0.0142056084188395,0,0,0,0,0,0,OPTIMAL,OPTIMAL,TIME_LIMIT,OPTIMAL,OPTIMAL,OPTIMAL
50,25,14,19,-1.59389257104963E-15,0.0469470024108886,0.125075817108154,612.093261501999,152.184814744003,530.292931039992,264.583860960993,0.0003331662803388,0.0003331662803388,9.79698543348895,0.0003336893984957,0.0003331757114351,0.0003331728319294,0.0003331662803388,0.0003331662803388,9.79698543348895,0.0003336893984957,0.0003331757114351,0.0003331728319294,0,0,0,0,0,0,OPTIMAL,OPTIMAL,TIME_LIMIT,OPTIMAL,OPTIMAL,OPTIMAL
50,38,14,10,5.55485900875265E-16,515.529014825821,445.729069948196,610.103669538003,220.151342474011,580.306030115011,313.529106717993,0.0364204175778234,0.0364204175778234,29.7723945768036,0.036421280124352,0.0364206030006275,0.0364204262841253,0.0364168682869903,0.036419422991603,29.7723945768036,0.036421280124352,0.0364206030006275,0.0364204262841253,0.0097453326160495,0.0027308479324582,0,0,0,0,OPTIMAL,OPTIMAL,TIME_LIMIT,OPTIMAL,OPTIMAL,OPTIMAL
50,38,14,19,5.55485900875265E-16,136.567090988159,131.316195011139,611.685719938003,217.096465712006,618.926697532006,305.592804872998,0.0073512829260961,0.0073512829260961,8.6340831612855,0.0071786544420185,0.0071771095806595,0.0071774485241354,0.0073512829260961,0.0073512829260961,8.6340831612855,0.0071786544420185,0.0071771095806595,0.0071774485241354,0,0,0,0,0,0,OPTIMAL,OPTIMAL,TIME_LIMIT,OPTIMAL,TIME_LIMIT,OPTIMAL
50,38,14,28,5.55485900875265E-16,0.529419898986816,0.542782068252564,609.847010362995,184.055598735999,607.510493898997,303.681848243999,0.0005478412280084,0.0005478412280084,10.0433863664021,0.0005478432900809,0.0006101423030494,0.0005478444493159,0.0005478412280084,0.0005478412280084,10.0433863664021,0.0005478432900809,0.0006101423030494,0.0005478444493159,0,0,0,0,0,0,OPTIMAL,OPTIMAL,TIME_LIMIT,OPTIMAL,TIME_LIMIT,OPTIMAL
50,12,15,3,-5.28592106606519E-16,0.303673982620239,0.679598093032837,612.060093812004,168.987434241004,453.253663670999,228.306348815997,0.198124834185406,0.198124834185406,30.9250394296274,0.198125629289556,0.198124854783852,0.198124839448763,0.198124834185406,0.198124834185406,30.9250394296274,0.198125629289556,0.198124854783852,0.198124839448763,0,0,0,0,0,0,OPTIMAL,OPTIMAL,TIME_LIMIT,OPTIMAL,OPTIMAL,OPTIMAL
50,12,15,6,-5.28592106606519E-16,0.085906982421875,0.0872449874877929,611.347936464008,175.937134310996,544.375067406989,253.594389364007,0.0255810595797532,0.0255810595797532,41.9795785291867,0.0255810695225391,0.0255810774340976,0.0255810605751018,0.0255810595797532,0.0255810595797532,41.9795785291867,0.0255810695225391,0.0255810774340976,0.0255810605751018,0,0,0,0,0,0,OPTIMAL,OPTIMAL,TIME_LIMIT,OPTIMAL,OPTIMAL,OPTIMAL
50,12,15,9,-5.28592106606519E-16,0.0480990409851074,0.0603880882263183,611.536446480008,182.646140865007,513.043316936004,217.472801066004,0.0028271750345125,0.0028271750345125,32.4803858322935,0.0028271768381494,0.0028271766182738,0.0028272660800691,0.0028271750345125,0.0028271750345125,32.4803858322935,0.0028271768381494,0.0028271766182738,0.0028272660800691,0,0,0,0,0,0,OPTIMAL,OPTIMAL,TIME_LIMIT,OPTIMAL,OPTIMAL,OPTIMAL
50,25,15,6,7.22530150733283E-17,16.1313741207123,15.3080270290375,610.87638260801,160.807541501999,495.793814869016,208.554140947992,0.0889023152492809,0.0889023152492809,39.6925386610474,0.0889026213808262,0.0889024020179822,0.0889023425875018,0.0889017028319083,0.0889023152492809,39.6925386610474,0.0889026213808262,0.0889024020179822,0.0889023425875018,0.000688865493391,0,0,0,0,0,OPTIMAL,OPTIMAL,TIME_LIMIT,OPTIMAL,OPTIMAL,OPTIMAL
50,25,15,12,7.22530150733283E-17,5.55297684669495,4.82990598678589,611.559119062993,189.840254822979,583.569860795978,323.976344244002,0.0202908275148112,0.0202908275148112,23.740474200945,0.0202911124874208,0.0202908397740367,0.020291469295952,0.0202908275148112,0.0202908275148112,23.740474200945,0.0202911124874208,0.0202908397740367,0.020291469295952,0,0,0,0,0,0,OPTIMAL,OPTIMAL,TIME_LIMIT,OPTIMAL,OPTIMAL,OPTIMAL
50,25,15,19,7.22530150733283E-17,0.180650949478149,0.175085067749023,611.743826438003,221.558382318995,610.217433396989,302.587182382005,0.0022343925791185,0.0022343925791185,10.081868348526,0.0022344272104732,0.002263923279717,0.0022344053888972,0.0022343925791185,0.0022343925791185,10.081868348526,0.0022344272104732,0.002263923279717,0.0022344053888972,0,0,0,0,0,0,OPTIMAL,OPTIMAL,TIME_LIMIT,OPTIMAL,TIME_LIMIT,OPTIMAL
50,38,15,10,2.74086309204336E-16,462.544433832169,435.95027589798,610.901067797997,255.195803291019,533.969874767005,317.460067556996,0.0355732020492064,0.0355732020492064,30.5702203579283,0.0342914037121958,0.0342856180462501,0.0342863370953364,0.0355723402607402,0.0355732020492064,30.5702203579283,0.0342914037121958,0.0342856180462501,0.0342863370953364,0.0024225777173332,0,0,0,0,0,OPTIMAL,OPTIMAL,TIME_LIMIT,OPTIMAL,OPTIMAL,OPTIMAL
50,38,15,19,2.74086309204336E-16,130.624886989594,157.733147144318,612.20844994401,183.78237356001,612.355696768995,306.886258270999,0.0083916477489785,0.0083916477489785,8.66671167109218,0.0078543653154934,0.0078653212544929,0.0078534817698489,0.0083916477489785,0.0083916477489785,8.66671167109218,0.0078543653154934,0.0078653212544929,0.0078534817698489,0,0,0,0,0,0,OPTIMAL,OPTIMAL,TIME_LIMIT,OPTIMAL,TIME_LIMIT,OPTIMAL
50,38,15,28,2.74086309204336E-16,0.621755838394165,0.750659942626953,611.51820721,182.783884236997,562.864770351007,208.085434612003,0.0010395116004331,0.0010395116004331,10.194910832394,0.0010395146110397,0.0010400964996021,0.0010401462585139,0.0010395116004331,0.0010395116004331,10.194910832394,0.0010395146110397,0.0010400964996021,0.0010401462585139,0,0,0,0,0,0,OPTIMAL,OPTIMAL,TIME_LIMIT,OPTIMAL,OPTIMAL,OPTIMAL
50,12,16,3,9.14407388480736E-16,0.598383188247681,0.71316409111023,611.082334709994,132.525302745984,435.590979077999,228.051267578005,0.229921276489672,0.229921276489672,29.319572335408,0.229921290587415,0.229921281291743,0.229921408293679,0.229921276489672,0.229921276489672,29.319572335408,0.229921290587415,0.229921281291743,0.229921408293679,0,0,0,0,0,0,OPTIMAL,OPTIMAL,TIME_LIMIT,OPTIMAL,OPTIMAL,OPTIMAL
50,12,16,6,9.14407388480736E-16,0.143600940704346,0.154770851135254,610.249084246985,176.272485493013,531.583367532003,244.601808609004,0.0501364893658701,0.0501364893658701,39.8424763500928,0.0501364896240206,0.0501365005459256,0.0501364918893164,0.0501364893658701,0.0501364893658701,39.8424763500928,0.0501364896240206,0.0501365005459256,0.0501364918893164,0,0,0,0,0,0,OPTIMAL,OPTIMAL,TIME_LIMIT,OPTIMAL,OPTIMAL,OPTIMAL
50,12,16,9,9.14407388480736E-16,0.0617399215698242,0.0503630638122558,611.345137539,182.834173957992,512.787215309974,234.883320605004,0.0080216451255473,0.0080216451255473,30.875811627998,0.0080216535297726,0.0080216451823588,0.0080216456663887,0.0080216451255473,0.0080216451255473,30.875811627998,0.0080216535297726,0.0080216451823588,0.0080216456663887,0,0,0,0,0,0,OPTIMAL,OPTIMAL,TIME_LIMIT,OPTIMAL,OPTIMAL,OPTIMAL
50,25,16,6,-1.83294017937218E-15,32.9320859909058,44.535059928894,612.766692803008,203.910983782989,450.58972453099,256.691348464985,0.0938498962323956,0.0938498962323956,38.1298190696509,0.0938498984927192,0.0938499006300519,0.0938499076609247,0.0938498962323956,0.0938498962323956,38.1298190696509,0.0938498984927192,0.0938499006300519,0.0938499076609247,0,0,0,0,0,0,OPTIMAL,OPTIMAL,TIME_LIMIT,OPTIMAL,OPTIMAL,OPTIMAL
50,25,16,12,-1.83294017937218E-15,13.5595951080322,16.5575649738312,611.886144312011,201.84113719,583.303375265998,255.842157242994,0.0230261698621048,0.0230261698621048,22.8424857131813,0.0230262927088737,0.0230264343822089,0.0230262333141037,0.0230261698621048,0.0230261698621048,22.8424857131813,0.0230262927088737,0.0230264343822089,0.0230262333141037,0,0,0,0,0,0,OPTIMAL,OPTIMAL,TIME_LIMIT,OPTIMAL,OPTIMAL,OPTIMAL
50,25,16,19,-1.83294017937218E-15,0.48503303527832,0.495674848556518,611.622577143979,214.528719283,618.374163780012,344.040767848986,0.0045304582080635,0.0045304582080635,8.85480658644192,0.0045307172941154,0.0045474319085588,0.0045309754479963,0.0045304582080635,0.0045304582080635,8.85480658644192,0.0045307172941154,0.0045474319085588,0.0045309754479963,0,0,0,0,0,0,OPTIMAL,OPTIMAL,TIME_LIMIT,OPTIMAL,TIME_LIMIT,OPTIMAL
50,38,16,10,-1.78815165686405E-15,428.168492794037,425.869577884674,609.192772793991,278.084940139001,616.79342877501,326.32338098,0.0369286944893997,0.0369286944893997,29.5776646735789,0.0368108788817203,0.0368109071352461,0.0368069340841108,0.0369272627095962,0.0369286944893997,29.5776646735789,0.0368108788817203,0.0368109071352461,0.0368069340841108,0.0038771470892176,0,0,0,0,0,OPTIMAL,OPTIMAL,TIME_LIMIT,OPTIMAL,TIME_LIMIT,OPTIMAL
50,38,16,19,-1.78815165686405E-15,75.043848991394,71.203262090683,609.234262978018,261.637524550024,612.71682319502,365.039050002,0.0079332463205713,0.0079332463205713,7.42718436711111,0.0079306934428145,0.0079576384664082,0.0079303447025613,0.0079331158854388,0.0079332463205713,7.42718436711111,0.0079306934428145,0.0079576384664082,0.0079303447025613,0.0016441583582757,0,0,0,0,0,OPTIMAL,OPTIMAL,TIME_LIMIT,OPTIMAL,TIME_LIMIT,OPTIMAL
50,38,16,28,-1.78815165686405E-15,1.50460577011108,1.17569208145142,609.883375129983,171.130316319002,547.386827533017,267.159350395988,0.0013381346456416,0.0013381346456416,9.91288593446692,0.0013381348960156,0.0013381514906347,0.0013387776274443,0.0013381346456416,0.0013381346456416,9.91288593446692,0.0013381348960156,0.0013381514906347,0.0013387776274443,0,0,0,0,0,0,OPTIMAL,OPTIMAL,TIME_LIMIT,OPTIMAL,OPTIMAL,OPTIMAL
50,12,17,3,1.05579926650193E-15,0.366929054260254,0.30461311340332,612.274222631007,132.196553349,410.392732648994,264.061336136016,0.206689162181152,0.206689162181152,27.5225521222172,0.206689187994331,0.206689782233151,0.206689162345668,0.206689162181152,0.206689162181152,27.5225521222172,0.206689187994331,0.206689782233151,0.206689162345668,0,0,0,0,0,0,OPTIMAL,OPTIMAL,TIME_LIMIT,OPTIMAL,OPTIMAL,OPTIMAL
50,12,17,6,1.05579926650193E-15,0.133193016052246,0.135730028152466,612.035270012013,189.720833744999,439.019967769011,188.689939170989,0.0478633824570952,0.0478633824570952,37.1232650188695,0.0478633868869718,0.047863491201416,0.0478634079863887,0.0478633824570952,0.0478633824570952,37.1232650188695,0.0478633868869718,0.047863491201416,0.0478634079863887,0,0,0,0,0,0,OPTIMAL,OPTIMAL,TIME_LIMIT,OPTIMAL,OPTIMAL,OPTIMAL
50,12,17,9,1.05579926650193E-15,0.0690641403198242,0.0638258457183837,612.074209207989,151.039239300997,455.509216806007,178.858842898015,0.0068797380944298,0.0068797380944298,28.9322677374091,0.006879778664984,0.0068798017404844,0.006879861262177,0.0068797380944298,0.0068797380944298,28.9322677374091,0.006879778664984,0.0068798017404844,0.006879861262177,0,0,0,0,0,0,OPTIMAL,OPTIMAL,TIME_LIMIT,OPTIMAL,OPTIMAL,OPTIMAL
50,25,17,6,-8.43453790334987E-16,18.5014591217041,18.9285531044006,610.910730250005,259.660545403021,617.352331943985,348.100264590001,0.0911279143204054,0.0911279143204054,35.2080286510068,0.0906730292432049,0.0907232792595418,0.0906711570376897,0.0911279143204054,0.0911279143204054,35.2080286510068,0.0906730292432049,0.0907232792595418,0.0906711570376897,0,0,0,0,0,0,OPTIMAL,OPTIMAL,TIME_LIMIT,OPTIMAL,TIME_LIMIT,OPTIMAL
50,25,17,12,-8.43453790334987E-16,8.48175191879272,7.5605149269104,611.276406738994,227.648570490011,617.157177023997,313.805562975002,0.0200387560271486,0.0200387560271486,21.5093489628093,0.0200391206901269,0.0200593390792581,0.020039141262514,0.0200387560271486,0.0200387560271486,21.5093489628093,0.0200391206901269,0.0200593390792581,0.020039141262514,0,0,0,0,0,0,OPTIMAL,OPTIMAL,TIME_LIMIT,OPTIMAL,TIME_LIMIT,OPTIMAL
50,25,17,19,-8.43453790334987E-16,0.177008867263794,0.213412046432495,608.34995336202,157.400060412008,565.288103296974,265.591976650991,0.0025336649580951,0.0025336649580951,7.24391670894562,0.0025336871841913,0.0025336711838358,0.0025336849034087,0.0025336649580951,0.0025336649580951,7.24391670894562,0.0025336871841913,0.0025336711838358,0.0025336849034087,0,0,0,0,0,0,OPTIMAL,OPTIMAL,TIME_LIMIT,OPTIMAL,OPTIMAL,OPTIMAL
50,38,17,10,1.60499366924301E-15,590.643674135208,600.007656097412,611.57241583601,247.523813982989,601.110402963008,316.141928820987,0.0358802022274976,0.0358802022274976,27.2896061349308,0.0349764945749255,0.0349753836900376,0.0349758309181453,0.0358773997624611,0.0333704533413834,27.2896061349308,0.0349764945749255,0.0349753836900376,0.0349758309181453,0.0078106166146006,6.99480139549173,0,0,0,0,OPTIMAL,TIME_LIMIT,TIME_LIMIT,OPTIMAL,TIME_LIMIT,OPTIMAL
50,38,17,19,1.60499366924301E-15,163.224697828293,167.194734096527,610.494780656998,216.764716243983,584.053176862013,256.924142286996,0.0082190511910388,0.0082190511910388,5.79585457789406,0.00791071160531,0.0079094565394774,0.0079096708998919,0.0082190511910388,0.0082189290628757,5.79585457789406,0.00791071160531,0.0079094565394774,0.0079096708998919,0,0.0014859155911797,0,0,0,0,OPTIMAL,OPTIMAL,TIME_LIMIT,OPTIMAL,OPTIMAL,OPTIMAL
50,38,17,28,1.60499366924301E-15,0.283154010772705,0.416990995407105,613.293760234985,172.420264782995,543.692052652012,332.865653285,0.0006594860093851,0.0006594860093851,9.20515626098503,0.0006594927922121,0.0006600993366602,0.0006594885232962,0.0006594860093851,0.0006594860093851,9.20515626098503,0.0006594927922121,0.0006600993366602,0.0006594885232962,0,0,0,0,0,0,OPTIMAL,OPTIMAL,TIME_LIMIT,OPTIMAL,OPTIMAL,OPTIMAL
50,12,18,3,1.89531047363241E-15,0.236792802810669,0.177703857421875,609.465670011006,138.80507266699,472.780449573998,246.205341380002,0.143285863976879,0.143285863976879,25.3054583531156,0.14328628048631,0.143285864346292,0.143285863997792,0.143285863976879,0.143285863976879,25.3054583531156,0.14328628048631,0.143285864346292,0.143285863997792,0,0,0,0,0,0,OPTIMAL,OPTIMAL,TIME_LIMIT,OPTIMAL,OPTIMAL,OPTIMAL
50,12,18,6,1.89531047363241E-15,0.0985851287841796,0.0976138114929199,613.585586947011,159.821668474004,583.080927453004,248.087304233981,0.0283808892647936,0.0283808892647936,33.9493239370556,0.0283809611809632,0.0283808933600437,0.0283809782515784,0.0283808892647936,0.0283808892647936,33.9493239370556,0.0283809611809632,0.0283808933600437,0.0283809782515784,0,0,0,0,0,0,OPTIMAL,OPTIMAL,TIME_LIMIT,OPTIMAL,OPTIMAL,OPTIMAL
50,12,18,9,1.89531047363241E-15,0.0449709892272949,0.0725018978118896,612.555960339989,196.89933028302,601.471014799987,218.354392153997,0.0046160451906846,0.0046160451906846,26.5604422461889,0.0046160516249724,0.004616057380833,0.0046160715186904,0.0046160451906846,0.0046160451906846,26.5604422461889,0.0046160516249724,0.004616057380833,0.0046160715186904,0,0,0,0,0,0,OPTIMAL,OPTIMAL,TIME_LIMIT,OPTIMAL,TIME_LIMIT,OPTIMAL
50,25,18,6,-2.16126535520285E-16,4.40212488174439,3.50625801086426,610.838015897985,159.560552006995,584.43120214899,208.38453168,0.0573012765907977,0.0573012765907977,32.0926875889211,0.0573013507975652,0.057301282053062,0.0573013840135368,0.0573012765907977,0.0573012765907977,32.0926875889211,0.0573013507975652,0.057301282053062,0.0573013840135368,0,0,0,0,0,0,OPTIMAL,OPTIMAL,TIME_LIMIT,OPTIMAL,OPTIMAL,OPTIMAL
50,25,18,12,-2.16126535520285E-16,0.387525081634521,0.406498908996582,610.514197997982,169.294850803999,527.901618714008,225.031324020994,0.0081483886828094,0.0081483886828094,20.0315909839592,0.0081488147962152,0.0081484793473015,0.0081483906745779,0.0081483886828094,0.0081483886828094,20.0315909839592,0.0081488147962152,0.0081484793473015,0.0081483906745779,0,0,0,0,0,0,OPTIMAL,OPTIMAL,TIME_LIMIT,OPTIMAL,OPTIMAL,OPTIMAL
50,25,18,19,-2.16126535520285E-16,0.111027002334595,0.135936021804809,609.998130808002,164.200710492005,545.926054963988,237.307727367996,0.000760064945605,0.000760064945605,6.22571272399998,0.0007606033680497,0.0007606801124973,0.000760989861589,0.000760064945605,0.000760064945605,6.22571272399998,0.0007606033680497,0.0007606801124973,0.000760989861589,0,0,0,0,0,0,OPTIMAL,OPTIMAL,TIME_LIMIT,OPTIMAL,OPTIMAL,OPTIMAL
50,38,18,10,-1.92752290460886E-16,214.899052858353,228.569310188293,609.314256855985,233.194948735996,550.118030864018,332.328412872012,0.0230731776940933,0.0230731776940933,24.9098248766087,0.0230585787158887,0.0230580414518637,0.0230580244279206,0.0230731776940933,0.0230731776940933,24.9098248766087,0.0230585787158887,0.0230580414518637,0.0230580244279206,0,0,0,0,0,0,OPTIMAL,OPTIMAL,TIME_LIMIT,OPTIMAL,OPTIMAL,OPTIMAL
50,38,18,19,-1.92752290460886E-16,27.0876090526581,29.4144248962402,612.489526772988,221.480293439992,612.574977558019,335.948454894999,0.0037681350432374,0.0037681350432374,5.18363709962525,0.0037561715251148,0.0037713024466227,0.0037558356219654,0.0037681350432374,0.0037681350432374,5.18363709962525,0.0037561715251148,0.0037713024466227,0.0037558356219654,0,0,0,0,0,0,OPTIMAL,OPTIMAL,TIME_LIMIT,OPTIMAL,TIME_LIMIT,OPTIMAL
50,38,18,28,-1.92752290460886E-16,1.03033590316772,0.894637107849121,609.883239773015,209.245183163002,618.447414349997,345.023938208004,0.0005548227124272,0.0005548227124272,8.47704069950091,0.0005494021039441,0.0005563391762151,0.0005494840278411,0.0005548227124272,0.0005548227124272,8.47704069950091,0.0005494021039441,0.0005563391762151,0.0005494840278411,0,0,0,0,0,0,OPTIMAL,OPTIMAL,TIME_LIMIT,OPTIMAL,TIME_LIMIT,OPTIMAL
50,12,19,3,4.82880642945532E-17,0.252510070800781,0.179274797439575,613.302042179013,133.363120349997,429.303876827005,283.235634331999,0.187882361443423,0.187882361443423,28.910457245171,0.187882372614098,0.187882409616485,0.187882361529355,0.187882361443423,0.187882361443423,28.910457245171,0.187882372614098,0.187882409616485,0.187882361529355,0,0,0,0,0,0,OPTIMAL,OPTIMAL,TIME_LIMIT,OPTIMAL,OPTIMAL,OPTIMAL
50,12,19,6,4.82880642945532E-17,0.123719930648804,0.121040821075439,611.522986801981,164.809098580998,531.644596954982,244.237254559994,0.0380647788825086,0.0380647788825086,38.7492829154688,0.0380648776105945,0.0380647791585291,0.0380647799919684,0.0380647788825086,0.0380647788825086,38.7492829154688,0.0380648776105945,0.0380647791585291,0.0380647799919684,0,0,0,0,0,0,OPTIMAL,OPTIMAL,TIME_LIMIT,OPTIMAL,OPTIMAL,OPTIMAL
50,12,19,9,4.82880642945532E-17,0.0282649993896484,0.0569739341735839,610.840283068013,153.364157950011,491.025913369987,169.207028915,0.0037627611411395,0.0037627611411395,30.2190628980208,0.0037628766532515,0.0037627815873619,0.0037627682518191,0.0037627611411395,0.0037627611411395,30.2190628980208,0.0037628766532515,0.0037627815873619,0.0037627682518191,0,0,0,0,0,0,OPTIMAL,OPTIMAL,TIME_LIMIT,OPTIMAL,OPTIMAL,OPTIMAL
50,25,19,6,-6.04791994089104E-16,3.45462894439697,3.37029981613159,611.89274594601,204.358701352001,602.892911117,257.580114306998,0.0666059094633019,0.0666059094633019,36.2821507597388,0.0666059098480909,0.0666059167681208,0.0666059302125759,0.0666059094633019,0.0666059094633019,36.2821507597388,0.0666059098480909,0.0666059167681208,0.0666059302125759,0,0,0,0,0,0,OPTIMAL,OPTIMAL,TIME_LIMIT,OPTIMAL,TIME_LIMIT,OPTIMAL
50,25,19,12,-6.04791994089104E-16,0.533868074417114,0.540996074676514,611.118673618999,195.142235920997,509.145132378995,208.327240205981,0.0099730674271953,0.0099730674271953,22.3522269334833,0.0099730841332181,0.0099731123053713,0.0099737936931942,0.0099730674271953,0.0099730674271953,22.3522269334833,0.0099730841332181,0.0099731123053713,0.0099737936931942,0,0,0,0,0,0,OPTIMAL,OPTIMAL,TIME_LIMIT,OPTIMAL,OPTIMAL,OPTIMAL
50,25,19,19,-6.04791994089104E-16,0.113122224807739,0.126301050186157,609.136899995996,170.165849916986,583.325269806985,244.444879716,0.0009462533467404,0.0009462533467404,8.23532888614047,0.0009462559997548,0.0009462616553396,0.0009462683576116,0.0009462533467404,0.0009462533467404,8.23532888614047,0.0009462559997548,0.0009462616553396,0.0009462683576116,0,0,0,0,0,0,OPTIMAL,OPTIMAL,TIME_LIMIT,OPTIMAL,OPTIMAL,OPTIMAL
50,38,19,10,5.82271124131445E-16,299.288704872131,263.966989040375,610.647838667996,254.110466730985,563.975255241006,337.338195906981,0.0312280440411546,0.0312280440411546,27.8878354534335,0.0294100550312058,0.0294074466838178,0.0294078771211209,0.0312280440411546,0.0312280440411546,27.8878354534335,0.0294100550312058,0.0294074466838178,0.0294078771211209,0,0,0,0,0,0,OPTIMAL,OPTIMAL,TIME_LIMIT,OPTIMAL,OPTIMAL,OPTIMAL
50,38,19,19,5.82271124131445E-16,34.1539630889893,31.5126061439514,612.259104144003,219.773678329016,609.781490940019,297.161116174015,0.0055020732266978,0.0055020732266978,6.10511161518951,0.0055021415572377,0.0055075571227348,0.0055021355129409,0.0055020732266978,0.0055020732266978,6.10511161518951,0.0055021415572377,0.0055075571227348,0.0055021355129409,0,0,0,0,0,0,OPTIMAL,OPTIMAL,TIME_LIMIT,OPTIMAL,TIME_LIMIT,OPTIMAL
50,38,19,28,5.82271124131445E-16,0.8748459815979,0.879564046859741,612.37570014401,210.247837798001,617.938102724002,336.162211989023,0.000878712741654,0.000878712741654,9.3987441577822,0.0008793733226114,0.0008823861898614,0.0008787758384516,0.000878712741654,0.000878712741654,9.3987441577822,0.0008793733226114,0.0008823861898614,0.0008787758384516,0,0,0,0,0,0,OPTIMAL,OPTIMAL,TIME_LIMIT,OPTIMAL,TIME_LIMIT,OPTIMAL
50,12,20,3,3.53970476088025E-16,0.291008949279785,0.198754072189331,610.154896737018,125.343064201996,392.727584937995,215.167073183984,0.193260504198364,0.193260504198364,29.9863290344379,0.193260582855276,0.193260545613983,0.193260507584503,0.193260504198364,0.193260504198364,29.9863290344379,0.193260582855276,0.193260545613983,0.193260507584503,0,0,0,0,0,0,OPTIMAL,OPTIMAL,TIME_LIMIT,OPTIMAL,OPTIMAL,OPTIMAL
50,12,20,6,3.53970476088025E-16,0.126331090927124,0.118604898452759,611.792413820978,140.971070825995,418.337583431014,188.476315082982,0.0397338929108678,0.0397338929108677,40.5978588336795,0.0397339331869336,0.0397338959581514,0.0397338969607516,0.0397338929108678,0.0397338929108677,40.5978588336795,0.0397339331869336,0.0397338959581514,0.0397338969607516,0,0,0,0,0,0,OPTIMAL,OPTIMAL,TIME_LIMIT,OPTIMAL,OPTIMAL,OPTIMAL
50,12,20,9,3.53970476088025E-16,0.0273280143737792,0.0656909942626953,612.76548339898,132.820783728006,474.197065968008,189.109258181998,0.0016858940428568,0.0016858940428568,31.4705836753806,0.0016860200234574,0.0016859086240767,0.0016865994106278,0.0016858940428568,0.0016858940428568,31.4705836753806,0.0016860200234574,0.0016859086240767,0.0016865994106278,0,0,0,0,0,0,OPTIMAL,OPTIMAL,TIME_LIMIT,OPTIMAL,OPTIMAL,OPTIMAL
50,25,20,6,2.39209352366469E-16,47.8586220741272,45.3765790462494,609.254553720995,254.382416762004,600.367683897988,377.87251856699,0.0970396248321796,0.0970396248321796,38.1145872596297,0.0965231077041391,0.0965290767309814,0.0965172175184598,0.0970396248321796,0.0970396248321796,38.1145872596297,0.0965231077041391,0.0965290767309814,0.0965172175184598,0,0,0,0,0,0,OPTIMAL,OPTIMAL,TIME_LIMIT,OPTIMAL,TIME_LIMIT,OPTIMAL
50,25,20,12,2.39209352366469E-16,5.75195407867432,3.77106881141663,610.800279574003,176.219614392001,530.099674564,198.187187337026,0.0157967841882671,0.0157967841882671,22.8253431978638,0.0157969113451982,0.015796788121606,0.0157968809440061,0.0157967841882671,0.0157967841882671,22.8253431978638,0.0157969113451982,0.015796788121606,0.0157968809440061,0,0,0,0,0,0,OPTIMAL,OPTIMAL,TIME_LIMIT,OPTIMAL,OPTIMAL,OPTIMAL
50,25,20,19,2.39209352366469E-16,0.121668100357056,0.136823892593384,609.098798187013,184.562490652024,618.609999712004,293.227108346997,0.001410551042645,0.001410551042645,8.88621162613276,0.001410554519342,0.0014114731365646,0.0014105612228523,0.001410551042645,0.001410551042645,8.88621162613276,0.001410554519342,0.0014114731365646,0.0014105612228523,0,0,0,0,0,0,OPTIMAL,OPTIMAL,TIME_LIMIT,OPTIMAL,TIME_LIMIT,OPTIMAL
50,38,20,10,9.47159017883337E-16,360.802735090256,354.761239051819,612.490331741981,240.954285307002,533.950687155011,366.843753252004,0.032805346639086,0.032805346639086,29.5131962453246,0.0319633627146623,0.0319596024302361,0.0319602309256156,0.0328024327578303,0.032805346639086,29.5131962453246,0.0319633627146623,0.0319596024302361,0.0319602309256156,0.0088823364305346,0,0,0,0,0,OPTIMAL,OPTIMAL,TIME_LIMIT,OPTIMAL,OPTIMAL,OPTIMAL
50,38,20,19,9.47159017883337E-16,28.7850880622864,18.9665729999542,610.675860235002,203.619255425991,611.869846804999,297.918404909986,0.0055587036317698,0.0055587036317698,8.2852349199319,0.0054048367583487,0.0054113971985066,0.0054042077401227,0.0055587036317698,0.0055587036317698,8.2852349199319,0.0054048367583487,0.0054113971985066,0.0054042077401227,0,0,0,0,0,0,OPTIMAL,OPTIMAL,TIME_LIMIT,OPTIMAL,TIME_LIMIT,OPTIMAL
50,38,20,28,9.47159017883337E-16,2.09927701950073,2.341304063797,610.987690970011,228.327544721978,617.985114855022,374.594153257989,0.0009799996483836,0.0009799996483836,9.93493398197291,0.0009802395767655,0.0009967458592699,0.0009803711189029,0.0009799996483836,0.0009799996483836,9.93493398197291,0.0009802395767655,0.0009967458592699,0.0009803711189029,0,0,0,0,0,0,OPTIMAL,OPTIMAL,TIME_LIMIT,OPTIMAL,TIME_LIMIT,OPTIMAL
50,12,21,3,1.99613688693881E-15,0.374343872070312,0.287528991699219,612.059905308997,132.841803829011,401.751862452977,169.719287838001,0.206814460117434,0.206814460117434,30.3414302984012,0.20681446937911,0.206814460387364,0.206814710418365,0.206814460117434,0.206814460117434,30.3414302984012,0.20681446937911,0.206814460387364,0.206814710418365,0,0,0,0,0,0,OPTIMAL,OPTIMAL,TIME_LIMIT,OPTIMAL,OPTIMAL,OPTIMAL
50,12,21,6,1.99613688693881E-15,0.0815820693969726,0.07948899269104,610.531738243008,182.802354176005,491.562347325991,227.438709042006,0.0296906226267042,0.0296906226267042,41.0200085237294,0.029690796550172,0.0296906257249231,0.0296908904829621,0.0296906226267042,0.0296906226267042,41.0200085237294,0.029690796550172,0.0296906257249231,0.0296908904829621,0,0,0,0,0,0,OPTIMAL,OPTIMAL,TIME_LIMIT,OPTIMAL,OPTIMAL,OPTIMAL
50,12,21,9,1.99613688693881E-15,0.0272660255432128,0.0685949325561523,613.087494383974,145.891388887976,491.021040653985,225.004279214976,0.0005710545778455,0.0005710545778455,31.7768310812969,0.0005717284193618,0.0005711103700838,0.0005710612329844,0.0005710545778455,0.0005710545778455,31.7768310812969,0.0005717284193618,0.0005711103700838,0.0005710612329844,0,0,0,0,0,0,OPTIMAL,OPTIMAL,TIME_LIMIT,OPTIMAL,OPTIMAL,OPTIMAL
50,25,21,6,-1.95492640264239E-15,8.73525905609131,8.64651703834534,611.445250775985,271.068132574001,613.214844422008,385.542534283013,0.0866132225527274,0.0866132225527274,38.9364569541674,0.0842336341945408,0.084265343308963,0.0842282512968882,0.0866132225527274,0.0866132225527274,38.9364569541674,0.0842336341945408,0.084265343308963,0.0842282512968882,0,0,0,0,0,0,OPTIMAL,OPTIMAL,TIME_LIMIT,OPTIMAL,TIME_LIMIT,OPTIMAL
50,25,21,12,-1.95492640264239E-15,0.328520059585571,0.381470918655396,611.059109433991,170.474539663992,545.928767617006,253.811670972005,0.0118185290872703,0.0118185290872703,24.1861710971634,0.0118188903773298,0.0118185499597773,0.0118185319255498,0.0118185290872703,0.0118185290872703,24.1861710971634,0.0118188903773298,0.0118185499597773,0.0118185319255498,0,0,0,0,0,0,OPTIMAL,OPTIMAL,TIME_LIMIT,OPTIMAL,OPTIMAL,OPTIMAL
50,25,21,19,-1.95492640264239E-15,0.169909954071045,0.133728981018066,610.16714361799,165.736980396003,528.024237312988,243.712623853004,0.0011396274662846,0.0011396274662846,10.4551746487635,0.0011396516206705,0.0011396432982396,0.0011396326357576,0.0011396274662846,0.0011396274662846,10.4551746487635,0.0011396516206705,0.0011396432982396,0.0011396326357576,0,0,0,0,0,0,OPTIMAL,OPTIMAL,TIME_LIMIT,OPTIMAL,OPTIMAL,OPTIMAL
50,38,21,10,1.4657955369177E-15,337.128891944885,208.724451065063,610.171558981994,237.902380338986,584.722352268989,307.734370413993,0.0377404299171735,0.0377404299171735,29.8683787947875,0.0366780528168547,0.0366757016205341,0.0366764183596944,0.0377394686642585,0.0377371688196772,29.8683787947875,0.0366780528168547,0.0366757016205341,0.0366764183596944,0.0025470110358862,0.0086408594269759,0,0,0,0,OPTIMAL,OPTIMAL,TIME_LIMIT,OPTIMAL,OPTIMAL,OPTIMAL
50,38,21,19,1.4657955369177E-15,15.3328471183777,13.7546100616455,614.487096883007,235.975602869992,600.978629563993,345.254896402999,0.0062789658215412,0.0062789658215412,8.66412370762434,0.006242262311335,0.0062489825684318,0.0062409144522104,0.0062789658215412,0.0062789658215412,8.66412370762434,0.006242262311335,0.0062489825684318,0.0062409144522104,0,0,0,0,0,0,OPTIMAL,OPTIMAL,TIME_LIMIT,OPTIMAL,TIME_LIMIT,OPTIMAL
50,38,21,28,1.4657955369177E-15,0.271279096603393,0.362550973892212,612.440177615004,164.636922833015,550.314337460994,264.002224455995,0.0005601258450154,0.0005601258450154,10.0380897109265,0.0005601341061597,0.000560129005761,0.0005601332668172,0.0005601258450154,0.0005601258450154,10.0380897109265,0.0005601341061597,0.000560129005761,0.0005601332668172,0,0,0,0,0,0,OPTIMAL,OPTIMAL,TIME_LIMIT,OPTIMAL,OPTIMAL,OPTIMAL
50,12,22,3,4.09394740330527E-16,0.393917083740234,0.413874864578247,612.332509080006,151.643574619025,391.406378977001,190.14716259102,0.232945841283007,0.232945841283007,35.2973336468988,0.232945847418086,0.232946107594463,0.232945916078034,0.232945841283007,0.232945841283007,35.2973336468988,0.232945847418086,0.232946107594463,0.232945916078034,0,0,0,0,0,0,OPTIMAL,OPTIMAL,TIME_LIMIT,OPTIMAL,OPTIMAL,OPTIMAL
50,12,22,6,4.09394740330527E-16,0.0994911193847656,0.105185985565186,611.577758816013,163.173486215004,538.254666607012,207.941634780989,0.0444207963476763,0.0444207963476763,48.2057479770741,0.0444208423042998,0.0444215682498232,0.0444208523321024,0.0444207963476763,0.0444207963476763,48.2057479770741,0.0444208423042998,0.0444215682498232,0.0444208523321024,0,0,0,0,0,0,OPTIMAL,OPTIMAL,TIME_LIMIT,OPTIMAL,OPTIMAL,OPTIMAL
50,12,22,9,4.09394740330527E-16,0.0379819869995117,0.0728099346160888,611.302968619973,165.478982656001,528.926328087022,226.704094918008,0.0050217732366826,0.0050217732366826,37.1007223238526,0.0050218346219587,0.0050217735851062,0.0050217802772671,0.0050217732366826,0.0050217732366826,37.1007223238526,0.0050218346219587,0.0050217735851062,0.0050217802772671,0,0,0,0,0,0,OPTIMAL,OPTIMAL,TIME_LIMIT,OPTIMAL,OPTIMAL,OPTIMAL
50,25,22,6,5.51424845665539E-16,30.9523818492889,30.5632529258728,612.092383472016,170.274438711989,514.114075188991,267.312331266003,0.11691085297673,0.11691085297673,45.3817644082272,0.116910880367881,0.116910861542468,0.1169108642522,0.11691085297673,0.11691085297673,45.3817644082272,0.116910880367881,0.116910861542468,0.1169108642522,0,0,0,0,0,0,OPTIMAL,OPTIMAL,TIME_LIMIT,OPTIMAL,OPTIMAL,OPTIMAL
50,25,22,12,5.51424845665539E-16,23.3623840808868,23.4534618854523,611.058513409982,220.206849598995,612.040826682991,287.66739406102,0.0293811980161141,0.0293811980161141,27.6115973270534,0.0293817903675804,0.0293914970891551,0.0293812316899862,0.0293811980161141,0.0293811980161141,27.6115973270534,0.0293817903675804,0.0293914970891551,0.0293812316899862,0,0,0,0,0,0,OPTIMAL,OPTIMAL,TIME_LIMIT,OPTIMAL,TIME_LIMIT,OPTIMAL
50,25,22,19,5.51424845665539E-16,0.061816930770874,0.260348081588745,610.517301412998,158.416819303995,436.920852709998,159.801897348982,0.0022262222174298,0.0022262222174298,15.0517187947638,0.0022262358965131,0.0022262232921516,0.0022262632315759,0.0022262222174298,0.0022262222174298,15.0517187947638,0.0022262358965131,0.0022262232921516,0.0022262632315759,0,0,0,0,0,0,OPTIMAL,OPTIMAL,TIME_LIMIT,OPTIMAL,OPTIMAL,OPTIMAL
50,38,22,10,-1.81938898509186E-16,600.011996984482,600.018399000168,611.566186550976,302.071947699005,612.28114774701,355.19283119202,0.0456274927107125,0.0456274927107125,34.5341501853795,0.0456278512080996,0.0456726539985124,0.0456280474445863,0.0390945774178646,0.0392693343164437,34.5341501853795,0.0456278512080996,0.0456726539985124,0.0456280474445863,14.3179361931367,13.9349282998756,0,0,0,0,TIME_LIMIT,TIME_LIMIT,TIME_LIMIT,OPTIMAL,TIME_LIMIT,OPTIMAL
50,38,22,19,-1.81938898509186E-16,198.434970140457,189.91321015358,610.806605958002,211.497639358015,603.575738013984,326.603478013014,0.010857337479794,0.010857337479794,14.2567558241038,0.0102316812444539,0.0102294802415968,0.0102298373115603,0.010857337479794,0.0108569025182864,14.2567558241038,0.0102316812444539,0.0102294802415968,0.0102298373115603,0,0.0040061525995459,0,0,0,0,OPTIMAL,OPTIMAL,TIME_LIMIT,OPTIMAL,TIME_LIMIT,OPTIMAL
50,38,22,28,-1.81938898509186E-16,0.805377960205078,0.757773876190186,610.931012101995,133.762695095007,601.253522258019,208.180515425978,0.0014787886477598,0.0014787886477598,11.3188908019254,0.0014790052598712,0.0014788280193764,0.0014788619372861,0.0014787886477598,0.0014787886477598,11.3188908019254,0.0014790052598712,0.0014788280193764,0.0014788619372861,0,0,0,0,0,0,OPTIMAL,OPTIMAL,TIME_LIMIT,OPTIMAL,TIME_LIMIT,OPTIMAL
50,12,23,3,-1.51729911290136E-15,0.152606964111328,0.116724014282227,609.846453511011,148.139696504019,451.923084273993,187.569625537988,0.173662936772446,0.173662936772446,34.2181735963494,0.173662945837936,0.173662937140651,0.173663316798155,0.173662936772446,0.173662936772446,34.2181735963494,0.173662945837936,0.173662937140651,0.173663316798155,0,0,0,0,0,0,OPTIMAL,OPTIMAL,TIME_LIMIT,OPTIMAL,OPTIMAL,OPTIMAL
50,12,23,6,-1.51729911290136E-15,0.0857748985290527,0.0745890140533447,609.541466683004,158.153304648993,507.827008883003,218.093843800016,0.0237571005707072,0.0237571005707072,46.2529095917495,0.0237571682285715,0.02375742372524,0.023757448851788,0.0237571005707072,0.0237571005707072,46.2529095917495,0.0237571682285715,0.02375742372524,0.023757448851788,0,0,0,0,0,0,OPTIMAL,OPTIMAL,TIME_LIMIT,OPTIMAL,OPTIMAL,OPTIMAL
50,12,23,9,-1.51729911290136E-15,0.102447032928467,0.127029895782471,611.624285487982,202.215563375998,600.104473011015,198.814236164995,0.0051883614565215,0.0051883614565215,35.8442262471088,0.0051883667076846,0.0051883755901018,0.0051884793752745,0.0051883614565215,0.0051883614565215,35.8442262471088,0.0051883667076846,0.0051883755901018,0.0051884793752745,0,0,0,0,0,0,OPTIMAL,OPTIMAL,TIME_LIMIT,OPTIMAL,OPTIMAL,OPTIMAL
50,25,23,6,-1.10878681008033E-15,13.9480791091919,13.3080859184265,611.148831764993,252.494145962002,607.742991799023,325.970863216993,0.088750988807856,0.088750988807856,42.6526263576031,0.0887510275024361,0.0888873316345706,0.0887516722411254,0.088750988807856,0.088750988807856,42.6526263576031,0.0887510275024361,0.0888873316345706,0.0887516722411254,0,0,0,0,0,0,OPTIMAL,OPTIMAL,TIME_LIMIT,OPTIMAL,TIME_LIMIT,OPTIMAL
50,25,23,12,-1.10878681008033E-15,2.28946995735168,2.25601696968079,610.37691799301,239.613538717007,610.66595795902,356.502511073981,0.0184865045492666,0.0184865045492667,25.8294484157062,0.0184868244436866,0.0185118401223482,0.0184867624715375,0.0184865045492666,0.0184865045492667,25.8294484157062,0.0184868244436866,0.0185118401223482,0.0184867624715375,0,0,0,0,0,0,OPTIMAL,OPTIMAL,TIME_LIMIT,OPTIMAL,TIME_LIMIT,OPTIMAL
50,25,23,19,-1.10878681008033E-15,0.199469089508057,0.210714817047119,615.008911334007,198.124223236984,587.290830427985,288.959360167995,0.0021388216848327,0.0021388216848327,13.0241428422339,0.0021391447143988,0.0021394832490271,0.0021388354646598,0.0021388216848327,0.0021388216848327,13.0241428422339,0.0021391447143988,0.0021394832490271,0.0021388354646598,0,0,0,0,0,0,OPTIMAL,OPTIMAL,TIME_LIMIT,OPTIMAL,OPTIMAL,OPTIMAL
50,38,23,10,-4.9818810081592E-17,438.523819923401,376.078202962875,612.813107508002,272.804242232,604.303127232997,339.443301435036,0.0401580492124843,0.0401580492124843,32.6369863628443,0.0401323213696751,0.040131564320048,0.040131547772737,0.0401580492124843,0.0401580492124843,32.6369863628443,0.0401323213696751,0.040131564320048,0.040131547772737,0,0,0,0,0,0,OPTIMAL,OPTIMAL,TIME_LIMIT,OPTIMAL,TIME_LIMIT,OPTIMAL
50,38,23,19,-4.9818810081592E-17,121.272116184235,84.1765239238739,615.470648101007,210.008795202011,601.407773407991,374.550291618973,0.0080745981646312,0.0080745981646312,12.4394559693578,0.0080699451423129,0.0080947635016143,0.0080693914678927,0.0080745981646312,0.0080739236090031,12.4394559693578,0.0080699451423129,0.0080947635016143,0.0080693914678927,0,0.0083540457911231,0,0,0,0,OPTIMAL,OPTIMAL,TIME_LIMIT,OPTIMAL,TIME_LIMIT,OPTIMAL
50,38,23,28,-4.9818810081592E-17,1.44871592521667,1.4321780204773,610.39222872199,246.967708659009,614.057351267024,404.253415771003,0.0012418569687998,0.0012418569687998,10.7954508451144,0.0012420921725648,0.0012764034130059,0.0012421562587449,0.0012418569687998,0.0012418569687998,10.7954508451144,0.0012420921725648,0.0012764034130059,0.0012421562587449,0,0,0,0,0,0,OPTIMAL,OPTIMAL,TIME_LIMIT,OPTIMAL,TIME_LIMIT,OPTIMAL
50,12,24,3,1.37344373281499E-15,0.287111043930054,0.211555957794189,609.674676947005,119.645776728983,357.35205618001,203.184173009999,0.231904468751333,0.231904468751333,32.3175227968007,0.231904504685177,0.231904492055537,0.231904468874375,0.231904468751333,0.231904468751333,32.3175227968007,0.231904504685177,0.231904492055537,0.231904468874375,0,0,0,0,0,0,OPTIMAL,OPTIMAL,TIME_LIMIT,OPTIMAL,OPTIMAL,OPTIMAL
50,12,24,6,1.37344373281499E-15,0.0868840217590332,0.0970740318298339,609.982595658978,126.581183784001,506.920301634003,207.881776491995,0.0400848602777257,0.0400848602777257,43.8325009032834,0.0400850264863788,0.0400848699577064,0.040084928913077,0.0400848602777257,0.0400848602777257,43.8325009032834,0.0400850264863788,0.0400848699577064,0.040084928913077,0,0,0,0,0,0,OPTIMAL,OPTIMAL,TIME_LIMIT,OPTIMAL,OPTIMAL,OPTIMAL
50,12,24,9,1.37344373281499E-15,0.0252690315246582,0.064234972000122,611.354470776976,194.811477474985,527.759105089994,243.522422936978,0.0013186987192472,0.0013186987192472,33.9070171180441,0.001318760097639,0.0013186991416813,0.0013187053962649,0.0013186987192472,0.0013186987192472,33.9070171180441,0.001318760097639,0.0013186991416813,0.0013187053962649,0,0,0,0,0,0,OPTIMAL,OPTIMAL,TIME_LIMIT,OPTIMAL,OPTIMAL,OPTIMAL
50,25,24,6,5.20417042793042E-16,7.06329011917114,8.08119106292725,613.153771537007,215.796476556978,611.296453421004,297.820972470043,0.0892350032652815,0.0892350032652815,41.3845155118256,0.0892350085022948,0.0895975216350779,0.0892350673016509,0.0892350032652815,0.0892350032652815,41.3845155118256,0.0892350085022948,0.0895975216350779,0.0892350673016509,0,0,0,0,0,0,OPTIMAL,OPTIMAL,TIME_LIMIT,OPTIMAL,TIME_LIMIT,OPTIMAL
50,25,24,12,5.20417042793042E-16,1.52544498443604,1.55222606658936,609.928483884025,221.427403338021,564.415298377047,284.387798046984,0.0176527832702838,0.0176527832702838,25.6055008942159,0.0176527885279358,0.0176535700277827,0.0176527906016151,0.0176527832702838,0.0176527832702838,25.6055008942159,0.0176527885279358,0.0176535700277827,0.0176527906016151,0,0,0,0,0,0,OPTIMAL,OPTIMAL,TIME_LIMIT,OPTIMAL,OPTIMAL,OPTIMAL
50,25,24,19,5.20417042793042E-16,0.04970383644104,0.116943836212158,611.410772166972,138.998802384012,472.027684555971,188.366814535053,0.0010334217779437,0.0010334217779437,12.3379732032124,0.0010334460809097,0.0010335156695337,0.001033648816726,0.0010334217779437,0.0010334217779437,12.3379732032124,0.0010334460809097,0.0010335156695337,0.001033648816726,0,0,0,0,0,0,OPTIMAL,OPTIMAL,TIME_LIMIT,OPTIMAL,OPTIMAL,OPTIMAL
50,38,24,10,-7.02132138135497E-16,600.011907100678,600.008946895599,612.029432350013,256.461023553042,605.908550243999,317.284675378003,0.0398080343307738,0.0398080343307738,31.6060890502443,0.0391692591610188,0.0391591440196992,0.0391602898896052,0.032921571896359,0.0317628959085613,31.6060890502443,0.0391692591610188,0.0391591440196992,0.0391602898896052,17.2991772896739,20.2098359224764,0,0,0,0,TIME_LIMIT,TIME_LIMIT,TIME_LIMIT,OPTIMAL,TIME_LIMIT,OPTIMAL
50,38,24,19,-7.02132138135497E-16,121.261189937592,252.08573102951,612.302481467021,189.703966423986,608.150998269965,277.604819449014,0.0081109543122934,0.0081109543122934,10.6367163002879,0.0081111188603734,0.0081809404792188,0.0081111685446776,0.0081109543122934,0.0081107067071054,10.6367163002879,0.0081111188603734,0.0081809404792188,0.0081111685446776,0,0.0030527257154462,0,0,0,0,OPTIMAL,OPTIMAL,TIME_LIMIT,OPTIMAL,TIME_LIMIT,OPTIMAL
50,38,24,28,-7.02132138135497E-16,0.863440036773682,0.763272047042847,610.662348619953,176.643161922984,617.51647097501,286.337024945009,0.0009246107164504,0.0009246107164504,10.507908815252,0.0009246583681901,0.0009247255273324,0.0009247914336907,0.0009246107164504,0.0009246107164504,10.507908815252,0.0009246583681901,0.0009247255273324,0.0009247914336907,0,0,0,0,0,0,OPTIMAL,OPTIMAL,TIME_LIMIT,OPTIMAL,TIME_LIMIT,OPTIMAL
50,12,25,3,-2.5882727995757E-16,0.267853021621704,0.168341159820557,611.465083585004,132.182391303999,445.529302163981,217.825077843969,0.183934421772177,0.183934421772177,28.0556992689804,0.18393449313273,0.18393491478558,0.183934876689993,0.183934421772177,0.183934421772177,28.0556992689804,0.18393449313273,0.18393491478558,0.183934876689993,0,0,0,0,0,0,OPTIMAL,OPTIMAL,TIME_LIMIT,OPTIMAL,OPTIMAL,OPTIMAL
50,12,25,6,-2.5882727995757E-16,0.1199631690979,0.113187789916992,610.836799425015,152.268836046045,449.529739508987,227.689124028024,0.0296514806572616,0.0296514806572616,37.6297448039322,0.0296516135319857,0.0296520647554891,0.0296514832481074,0.0296514806572616,0.0296514806572616,37.6297448039322,0.0296516135319857,0.0296520647554891,0.0296514832481074,0,0,0,0,0,0,OPTIMAL,OPTIMAL,TIME_LIMIT,OPTIMAL,OPTIMAL,OPTIMAL
50,12,25,9,-2.5882727995757E-16,0.0988528728485107,0.0944128036499023,611.600736273977,202.115248542977,545.257826543006,169.821802877996,0.0048117669544,0.0048117669544,29.3637244544048,0.0048117675903262,0.0048118335013123,0.00481204385578,0.0048117669544,0.0048117669544,29.3637244544048,0.0048117675903262,0.0048118335013123,0.00481204385578,0,0,0,0,0,0,OPTIMAL,OPTIMAL,TIME_LIMIT,OPTIMAL,OPTIMAL,OPTIMAL
50,25,25,6,3.03033870593682E-15,6.76473903656006,7.23349905014038,609.761205486953,191.022081296018,527.637881230039,217.777384507994,0.0747994493867703,0.0747994493867703,35.2127840585824,0.0747994511925388,0.0747996387329539,0.0747998841845018,0.0747994493867703,0.0747994493867703,35.2127840585824,0.0747994511925388,0.0747996387329539,0.0747998841845018,0,0,0,0,0,0,OPTIMAL,OPTIMAL,TIME_LIMIT,OPTIMAL,OPTIMAL,OPTIMAL
50,25,25,12,3.03033870593682E-15,0.26541805267334,0.242151975631714,611.326392389019,176.842148085008,511.176176570007,179.574623060005,0.0098620842648014,0.0098620842648014,21.9209223749373,0.0098620843575842,0.0098630160703138,0.0098621020511673,0.0098620842648014,0.0098620842648014,21.9209223749373,0.0098620843575842,0.0098630160703138,0.0098621020511673,0,0,0,0,0,0,OPTIMAL,OPTIMAL,TIME_LIMIT,OPTIMAL,OPTIMAL,OPTIMAL
50,25,25,19,3.03033870593682E-15,0.0806679725646972,0.124089002609253,611.121708795021,171.285777557001,529.738855941047,218.758944754023,0.0007727870159639,0.0007727870159639,7.83578299592334,0.0007727935488302,0.0007735348270789,0.0007732802447181,0.0007727870159639,0.0007727870159639,7.83578299592334,0.0007727935488302,0.0007735348270789,0.0007732802447181,0,0,0,0,0,0,OPTIMAL,OPTIMAL,TIME_LIMIT,OPTIMAL,OPTIMAL,OPTIMAL
50,38,25,10,7.49704849296225E-16,205.177109956741,183.032462120056,611.59174395696,222.421971937991,496.853274916008,306.754565050011,0.0323505526380977,0.0323505526380977,27.2622844832718,0.0315286486901573,0.0315273619473376,0.0315278486406544,0.0323505526380977,0.0323505526380977,27.2622844832718,0.0315286486901573,0.0315273619473376,0.0315278486406544,0,0,0,0,0,0,OPTIMAL,OPTIMAL,TIME_LIMIT,OPTIMAL,OPTIMAL,OPTIMAL
50,38,25,19,7.49704849296225E-16,12.5010571479797,11.8911190032959,610.453126952983,197.910815390002,612.223772413971,337.237777933013,0.0055399061241277,0.0055399061241277,6.09347891600368,0.0054892177965844,0.0054991530068718,0.005488596143075,0.0055399061241277,0.0055399061241277,6.09347891600368,0.0054892177965844,0.0054991530068718,0.005488596143075,0,0,0,0,0,0,OPTIMAL,OPTIMAL,TIME_LIMIT,OPTIMAL,TIME_LIMIT,OPTIMAL
50,38,25,28,7.49704849296225E-16,0.591616868972778,0.280753135681152,610.687391316984,164.339762926043,603.29799871298,276.200318570016,0.0004506291352381,0.0004506291352381,9.29495651804124,0.0004506303997054,0.0004506716026186,0.0004508606949499,0.0004506291352381,0.0004506291352381,9.29495651804124,0.0004506303997054,0.0004506716026186,0.0004508606949499,0,0,0,0,0,0,OPTIMAL,OPTIMAL,TIME_LIMIT,OPTIMAL,TIME_LIMIT,OPTIMAL
50,12,26,3,-5.64676718195661E-16,0.693892955780029,0.459679841995239,611.881125747983,132.473388754996,418.130748140044,216.476432451978,0.258083922358463,0.258083922358463,32.9151459091276,0.258084013570001,0.258083922498396,0.258083922465101,0.258083922358463,0.258083922358463,32.9151459091276,0.258084013570001,0.258083922498396,0.258083922465101,0,0,0,0,0,0,OPTIMAL,OPTIMAL,TIME_LIMIT,OPTIMAL,OPTIMAL,OPTIMAL
50,12,26,6,-5.64676718195661E-16,0.12103009223938,0.107406854629517,613.276043106976,189.644054289965,465.477873623022,272.397368079983,0.0586932794518381,0.0586932794518381,44.8798981077118,0.058693281231761,0.0586938764592141,0.0586932805257575,0.0586932794518381,0.0586932794518381,44.8798981077118,0.058693281231761,0.0586938764592141,0.0586932805257575,0,0,0,0,0,0,OPTIMAL,OPTIMAL,TIME_LIMIT,OPTIMAL,OPTIMAL,OPTIMAL
50,12,26,9,-5.64676718195661E-16,0.0236101150512695,0.0472450256347656,609.885107363982,150.933898782998,456.121871576994,204.538272757025,0.0047634346148193,0.0047634346148193,34.6171634039857,0.004763505308962,0.0047634352885824,0.0047634369744786,0.0047634346148193,0.0047634346148193,34.6171634039857,0.004763505308962,0.0047634352885824,0.0047634369744786,0,0,0,0,0,0,OPTIMAL,OPTIMAL,TIME_LIMIT,OPTIMAL,OPTIMAL,OPTIMAL
50,25,26,6,-4.91695280184831E-18,45.7699980735779,39.7308149337769,611.811374582991,214.985273286002,564.614800780953,266.886968883977,0.112320941979251,0.112320941979251,42.4924371010997,0.112320942642762,0.11232094550695,0.112320971205438,0.112320941979251,0.112320941979251,42.4924371010997,0.112320942642762,0.11232094550695,0.112320971205438,0,0,0,0,0,0,OPTIMAL,OPTIMAL,TIME_LIMIT,OPTIMAL,OPTIMAL,OPTIMAL
50,25,26,12,-4.91695280184831E-18,8.54391098022461,9.04909896850586,611.276532252028,201.416711936996,547.124838184973,257.12643086497,0.0246468078217118,0.0246468078217118,25.3442399282772,0.024646851366249,0.0246468286386226,0.024646815939621,0.0246468078217118,0.0246468078217118,25.3442399282772,0.024646851366249,0.0246468286386226,0.024646815939621,0,0,0,0,0,0,OPTIMAL,OPTIMAL,TIME_LIMIT,OPTIMAL,OPTIMAL,OPTIMAL
50,25,26,19,-4.91695280184831E-18,0.080629825592041,0.11512303352356,610.713567438012,151.777674777026,525.745585573022,217.261275239987,0.002299886304564,0.002299886304564,12.7348066896014,0.002300385460858,0.002300810686485,0.0023005124114237,0.002299886304564,0.002299886304564,12.7348066896014,0.002300385460858,0.002300810686485,0.0023005124114237,0,0,0,0,0,0,OPTIMAL,OPTIMAL,TIME_LIMIT,OPTIMAL,OPTIMAL,OPTIMAL
50,38,26,10,4.90554763888694E-16,600.016985177994,600.009781122208,612.448901830998,233.174584725988,514.899639023002,326.46040392702,0.0479900258429919,0.0479900258429919,32.6501753370833,0.0473536461374686,0.0473519751614747,0.0473527558364678,0.0337547393864208,0.0336327488870927,32.6501753370833,0.0473536461374686,0.0473519751614747,0.0473527558364678,29.6630106079635,29.9172103029735,0,0,0,0,TIME_LIMIT,TIME_LIMIT,TIME_LIMIT,OPTIMAL,OPTIMAL,OPTIMAL
50,38,26,19,4.90554763888694E-16,318.163307189941,356.894804954529,614.594446227013,222.07713032898,609.252376690973,276.221710057987,0.0102735926687388,0.0102735926687388,12.2195824897095,0.0101242773326816,0.0101346050575746,0.0101235840670564,0.0102735926687388,0.0102733580873951,12.2195824897095,0.0101242773326816,0.0101346050575746,0.0101235840670564,0,0.0022833428509129,0,0,0,0,OPTIMAL,OPTIMAL,TIME_LIMIT,OPTIMAL,TIME_LIMIT,OPTIMAL
50,38,26,28,4.90554763888694E-16,1.20151686668396,1.28776097297668,612.405542494031,177.126985523966,616.664281702018,285.547072454996,0.0016546498088908,0.0016546498088908,10.7972280287214,0.0016546692937134,0.0016547047282849,0.0016546576760716,0.0016546498088908,0.0016546498088908,10.7972280287214,0.0016546692937134,0.0016547047282849,0.0016546576760716,0,0,0,0,0,0,OPTIMAL,OPTIMAL,TIME_LIMIT,OPTIMAL,TIME_LIMIT,OPTIMAL
